"Date","Source","Site ID","POC","Daily Max 8-hour Ozone Concentration","UNITS","DAILY_AQI_VALUE","Site Name","DAILY_OBS_COUNT","PERCENT_COMPLETE","AQS_PARAMETER_CODE","AQS_PARAMETER_DESC","CBSA_CODE","CBSA_NAME","STATE_CODE","STATE","COUNTY_CODE","COUNTY","SITE_LATITUDE","SITE_LONGITUDE"
"01/01/2013","AQS","371190041","1","0.019","ppm","18","Garinger High School","17","100.0000","44201","Ozone","16740","Charlotte-Concord-Gastonia, NC-SC","37","North Carolina","119","Mecklenburg","35.2401000008895","-80.785683"
"01/02/2013","AQS","371190041","1","0.021","ppm","19","Garinger High School","17","100.0000","44201","Ozone","16740","Charlotte-Concord-Gastonia, NC-SC","37","North Carolina","119","Mecklenburg","35.2401000008895","-80.785683"
"01/03/2013","AQS","371190041","1","0.018","ppm","17","Garinger High School","17","100.0000","44201","Ozone","16740","Charlotte-Concord-Gastonia, NC-SC","37","North Carolina","119","Mecklenburg","35.2401000008895","-80.785683"
"01/04/2013","AQS","371190041","1","0.029","ppm","27","Garinger High School","17","100.0000","44201","Ozone","16740","Charlotte-Concord-Gastonia, NC-SC","37","North Carolina","119","Mecklenburg","35.2401000008895","-80.785683"
"01/05/2013","AQS","371190041","1","0.031","ppm","29","Garinger High School","17","100.0000","44201","Ozone","16740","Charlotte-Concord-Gastonia, NC-SC","37","North Carolina","119","Mecklenburg","35.2401000008895","-80.785683"
"01/06/2013","AQS","371190041","1","0.028","ppm","26","Garinger High School","17","100.0000","44201","Ozone","16740","Charlotte-Concord-Gastonia, NC-SC","37","North Carolina","119","Mecklenburg","35.2401000008895","-80.785683"
"01/07/2013","AQS","371190041","1","0.037","ppm","34","Garinger High School","17","100.0000","44201","Ozone","16740","Charlotte-Concord-Gastonia, NC-SC","37","North Carolina","119","Mecklenburg","35.2401000008895","-80.785683"
"01/08/2013","AQS","371190041","1","0.015","ppm","14","Garinger High School","17","100.0000","44201","Ozone","16740","Charlotte-Concord-Gastonia, NC-SC","37","North Carolina","119","Mecklenburg","35.2401000008895","-80.785683"
"01/09/2013","AQS","371190041","1","0.023","ppm","21","Garinger High School","17","100.0000","44201","Ozone","16740","Charlotte-Concord-Gastonia, NC-SC","37","North Carolina","119","Mecklenburg","35.2401000008895","-80.785683"
"01/10/2013","AQS","371190041","1","0.032","ppm","30","Garinger High School","17","100.0000","44201","Ozone","16740","Charlotte-Concord-Gastonia, NC-SC","37","North Carolina","119","Mecklenburg","35.2401000008895","-80.785683"
"01/11/2013","AQS","371190041","1","0.02","ppm","19","Garinger High School","17","100.0000","44201","Ozone","16740","Charlotte-Concord-Gastonia, NC-SC","37","North Carolina","119","Mecklenburg","35.2401000008895","-80.785683"
"01/12/2013","AQS","371190041","1","0.02","ppm","19","Garinger High School","17","100.0000","44201","Ozone","16740","Charlotte-Concord-Gastonia, NC-SC","37","North Carolina","119","Mecklenburg","35.2401000008895","-80.785683"
"01/13/2013","AQS","371190041","1","0.026","ppm","24","Garinger High School","17","100.0000","44201","Ozone","16740","Charlotte-Concord-Gastonia, NC-SC","37","North Carolina","119","Mecklenburg","35.2401000008895","-80.785683"
"01/14/2013","AQS","371190041","1","0.014","ppm","13","Garinger High School","17","100.0000","44201","Ozone","16740","Charlotte-Concord-Gastonia, NC-SC","37","North Carolina","119","Mecklenburg","35.2401000008895","-80.785683"
"01/15/2013","AQS","371190041","1","0.014","ppm","13","Garinger High School","17","100.0000","44201","Ozone","16740","Charlotte-Concord-Gastonia, NC-SC","37","North Carolina","119","Mecklenburg","35.2401000008895","-80.785683"
"01/16/2013","AQS","371190041","1","0.004","ppm","4","Garinger High School","17","100.0000","44201","Ozone","16740","Charlotte-Concord-Gastonia, NC-SC","37","North Carolina","119","Mecklenburg","35.2401000008895","-80.785683"
"01/17/2013","AQS","371190041","1","0.029","ppm","27","Garinger High School","17","100.0000","44201","Ozone","16740","Charlotte-Concord-Gastonia, NC-SC","37","North Carolina","119","Mecklenburg","35.2401000008895","-80.785683"
"01/18/2013","AQS","371190041","1","0.032","ppm","30","Garinger High School","17","100.0000","44201","Ozone","16740","Charlotte-Concord-Gastonia, NC-SC","37","North Carolina","119","Mecklenburg","35.2401000008895","-80.785683"
"01/19/2013","AQS","371190041","1","0.033","ppm","31","Garinger High School","17","100.0000","44201","Ozone","16740","Charlotte-Concord-Gastonia, NC-SC","37","North Carolina","119","Mecklenburg","35.2401000008895","-80.785683"
"01/20/2013","AQS","371190041","1","0.04","ppm","37","Garinger High School","17","100.0000","44201","Ozone","16740","Charlotte-Concord-Gastonia, NC-SC","37","North Carolina","119","Mecklenburg","35.2401000008895","-80.785683"
"01/21/2013","AQS","371190041","1","0.04","ppm","37","Garinger High School","17","100.0000","44201","Ozone","16740","Charlotte-Concord-Gastonia, NC-SC","37","North Carolina","119","Mecklenburg","35.2401000008895","-80.785683"
"01/22/2013","AQS","371190041","1","0.039","ppm","36","Garinger High School","17","100.0000","44201","Ozone","16740","Charlotte-Concord-Gastonia, NC-SC","37","North Carolina","119","Mecklenburg","35.2401000008895","-80.785683"
"01/23/2013","AQS","371190041","1","0.034","ppm","31","Garinger High School","17","100.0000","44201","Ozone","16740","Charlotte-Concord-Gastonia, NC-SC","37","North Carolina","119","Mecklenburg","35.2401000008895","-80.785683"
"01/24/2013","AQS","371190041","1","0.032","ppm","30","Garinger High School","17","100.0000","44201","Ozone","16740","Charlotte-Concord-Gastonia, NC-SC","37","North Carolina","119","Mecklenburg","35.2401000008895","-80.785683"
"01/25/2013","AQS","371190041","1","0.021","ppm","19","Garinger High School","17","100.0000","44201","Ozone","16740","Charlotte-Concord-Gastonia, NC-SC","37","North Carolina","119","Mecklenburg","35.2401000008895","-80.785683"
"01/26/2013","AQS","371190041","1","0.02","ppm","19","Garinger High School","17","100.0000","44201","Ozone","16740","Charlotte-Concord-Gastonia, NC-SC","37","North Carolina","119","Mecklenburg","35.2401000008895","-80.785683"
"01/27/2013","AQS","371190041","1","0.034","ppm","31","Garinger High School","17","100.0000","44201","Ozone","16740","Charlotte-Concord-Gastonia, NC-SC","37","North Carolina","119","Mecklenburg","35.2401000008895","-80.785683"
"01/28/2013","AQS","371190041","1","0.026","ppm","24","Garinger High School","17","100.0000","44201","Ozone","16740","Charlotte-Concord-Gastonia, NC-SC","37","North Carolina","119","Mecklenburg","35.2401000008895","-80.785683"
"01/29/2013","AQS","371190041","1","0.037","ppm","34","Garinger High School","17","100.0000","44201","Ozone","16740","Charlotte-Concord-Gastonia, NC-SC","37","North Carolina","119","Mecklenburg","35.2401000008895","-80.785683"
"01/30/2013","AQS","371190041","1","0.037","ppm","34","Garinger High School","17","100.0000","44201","Ozone","16740","Charlotte-Concord-Gastonia, NC-SC","37","North Carolina","119","Mecklenburg","35.2401000008895","-80.785683"
"01/31/2013","AQS","371190041","1","0.036","ppm","33","Garinger High School","17","100.0000","44201","Ozone","16740","Charlotte-Concord-Gastonia, NC-SC","37","North Carolina","119","Mecklenburg","35.2401000008895","-80.785683"
"02/01/2013","AQS","371190041","1","0.038","ppm","35","Garinger High School","17","100.0000","44201","Ozone","16740","Charlotte-Concord-Gastonia, NC-SC","37","North Carolina","119","Mecklenburg","35.2401000008895","-80.785683"
"02/02/2013","AQS","371190041","1","0.039","ppm","36","Garinger High School","17","100.0000","44201","Ozone","16740","Charlotte-Concord-Gastonia, NC-SC","37","North Carolina","119","Mecklenburg","35.2401000008895","-80.785683"
"02/03/2013","AQS","371190041","1","0.04","ppm","37","Garinger High School","17","100.0000","44201","Ozone","16740","Charlotte-Concord-Gastonia, NC-SC","37","North Carolina","119","Mecklenburg","35.2401000008895","-80.785683"
"02/04/2013","AQS","371190041","1","0.032","ppm","30","Garinger High School","17","100.0000","44201","Ozone","16740","Charlotte-Concord-Gastonia, NC-SC","37","North Carolina","119","Mecklenburg","35.2401000008895","-80.785683"
"02/05/2013","AQS","371190041","1","0.042","ppm","39","Garinger High School","17","100.0000","44201","Ozone","16740","Charlotte-Concord-Gastonia, NC-SC","37","North Carolina","119","Mecklenburg","35.2401000008895","-80.785683"
"02/06/2013","AQS","371190041","1","0.041","ppm","38","Garinger High School","17","100.0000","44201","Ozone","16740","Charlotte-Concord-Gastonia, NC-SC","37","North Carolina","119","Mecklenburg","35.2401000008895","-80.785683"
"02/07/2013","AQS","371190041","1","0.023","ppm","21","Garinger High School","17","100.0000","44201","Ozone","16740","Charlotte-Concord-Gastonia, NC-SC","37","North Carolina","119","Mecklenburg","35.2401000008895","-80.785683"
"02/08/2013","AQS","371190041","1","0.035","ppm","32","Garinger High School","17","100.0000","44201","Ozone","16740","Charlotte-Concord-Gastonia, NC-SC","37","North Carolina","119","Mecklenburg","35.2401000008895","-80.785683"
"02/09/2013","AQS","371190041","1","0.04","ppm","37","Garinger High School","17","100.0000","44201","Ozone","16740","Charlotte-Concord-Gastonia, NC-SC","37","North Carolina","119","Mecklenburg","35.2401000008895","-80.785683"
"02/10/2013","AQS","371190041","1","0.045","ppm","42","Garinger High School","17","100.0000","44201","Ozone","16740","Charlotte-Concord-Gastonia, NC-SC","37","North Carolina","119","Mecklenburg","35.2401000008895","-80.785683"
"02/11/2013","AQS","371190041","1","0.028","ppm","26","Garinger High School","17","100.0000","44201","Ozone","16740","Charlotte-Concord-Gastonia, NC-SC","37","North Carolina","119","Mecklenburg","35.2401000008895","-80.785683"
"02/12/2013","AQS","371190041","1","0.033","ppm","31","Garinger High School","17","100.0000","44201","Ozone","16740","Charlotte-Concord-Gastonia, NC-SC","37","North Carolina","119","Mecklenburg","35.2401000008895","-80.785683"
"02/13/2013","AQS","371190041","1","0.032","ppm","30","Garinger High School","17","100.0000","44201","Ozone","16740","Charlotte-Concord-Gastonia, NC-SC","37","North Carolina","119","Mecklenburg","35.2401000008895","-80.785683"
"02/14/2013","AQS","371190041","1","0.032","ppm","30","Garinger High School","17","100.0000","44201","Ozone","16740","Charlotte-Concord-Gastonia, NC-SC","37","North Carolina","119","Mecklenburg","35.2401000008895","-80.785683"
"02/15/2013","AQS","371190041","1","0.043","ppm","40","Garinger High School","17","100.0000","44201","Ozone","16740","Charlotte-Concord-Gastonia, NC-SC","37","North Carolina","119","Mecklenburg","35.2401000008895","-80.785683"
"02/16/2013","AQS","371190041","1","0.031","ppm","29","Garinger High School","17","100.0000","44201","Ozone","16740","Charlotte-Concord-Gastonia, NC-SC","37","North Carolina","119","Mecklenburg","35.2401000008895","-80.785683"
"02/17/2013","AQS","371190041","1","0.04","ppm","37","Garinger High School","17","100.0000","44201","Ozone","16740","Charlotte-Concord-Gastonia, NC-SC","37","North Carolina","119","Mecklenburg","35.2401000008895","-80.785683"
"02/18/2013","AQS","371190041","1","0.042","ppm","39","Garinger High School","17","100.0000","44201","Ozone","16740","Charlotte-Concord-Gastonia, NC-SC","37","North Carolina","119","Mecklenburg","35.2401000008895","-80.785683"
"02/19/2013","AQS","371190041","1","0.031","ppm","29","Garinger High School","17","100.0000","44201","Ozone","16740","Charlotte-Concord-Gastonia, NC-SC","37","North Carolina","119","Mecklenburg","35.2401000008895","-80.785683"
"02/20/2013","AQS","371190041","1","0.04","ppm","37","Garinger High School","17","100.0000","44201","Ozone","16740","Charlotte-Concord-Gastonia, NC-SC","37","North Carolina","119","Mecklenburg","35.2401000008895","-80.785683"
"02/21/2013","AQS","371190041","1","0.038","ppm","35","Garinger High School","17","100.0000","44201","Ozone","16740","Charlotte-Concord-Gastonia, NC-SC","37","North Carolina","119","Mecklenburg","35.2401000008895","-80.785683"
"02/22/2013","AQS","371190041","1","0.027","ppm","25","Garinger High School","17","100.0000","44201","Ozone","16740","Charlotte-Concord-Gastonia, NC-SC","37","North Carolina","119","Mecklenburg","35.2401000008895","-80.785683"
"02/23/2013","AQS","371190041","1","0.011","ppm","10","Garinger High School","17","100.0000","44201","Ozone","16740","Charlotte-Concord-Gastonia, NC-SC","37","North Carolina","119","Mecklenburg","35.2401000008895","-80.785683"
"02/24/2013","AQS","371190041","1","0.045","ppm","42","Garinger High School","17","100.0000","44201","Ozone","16740","Charlotte-Concord-Gastonia, NC-SC","37","North Carolina","119","Mecklenburg","35.2401000008895","-80.785683"
"02/25/2013","AQS","371190041","1","0.032","ppm","30","Garinger High School","17","100.0000","44201","Ozone","16740","Charlotte-Concord-Gastonia, NC-SC","37","North Carolina","119","Mecklenburg","35.2401000008895","-80.785683"
"02/26/2013","AQS","371190041","1","0.028","ppm","26","Garinger High School","17","100.0000","44201","Ozone","16740","Charlotte-Concord-Gastonia, NC-SC","37","North Carolina","119","Mecklenburg","35.2401000008895","-80.785683"
"02/27/2013","AQS","371190041","1","0.039","ppm","36","Garinger High School","17","100.0000","44201","Ozone","16740","Charlotte-Concord-Gastonia, NC-SC","37","North Carolina","119","Mecklenburg","35.2401000008895","-80.785683"
"02/28/2013","AQS","371190041","1","0.042","ppm","39","Garinger High School","17","100.0000","44201","Ozone","16740","Charlotte-Concord-Gastonia, NC-SC","37","North Carolina","119","Mecklenburg","35.2401000008895","-80.785683"
"03/01/2013","AQS","371190041","1","0.032","ppm","30","Garinger High School","17","100.0000","44201","Ozone","16740","Charlotte-Concord-Gastonia, NC-SC","37","North Carolina","119","Mecklenburg","35.2401000008895","-80.785683"
"03/02/2013","AQS","371190041","1","0.031","ppm","29","Garinger High School","17","100.0000","44201","Ozone","16740","Charlotte-Concord-Gastonia, NC-SC","37","North Carolina","119","Mecklenburg","35.2401000008895","-80.785683"
"03/03/2013","AQS","371190041","1","0.04","ppm","37","Garinger High School","17","100.0000","44201","Ozone","16740","Charlotte-Concord-Gastonia, NC-SC","37","North Carolina","119","Mecklenburg","35.2401000008895","-80.785683"
"03/04/2013","AQS","371190041","1","0.045","ppm","42","Garinger High School","17","100.0000","44201","Ozone","16740","Charlotte-Concord-Gastonia, NC-SC","37","North Carolina","119","Mecklenburg","35.2401000008895","-80.785683"
"03/05/2013","AQS","371190041","1","0.026","ppm","24","Garinger High School","17","100.0000","44201","Ozone","16740","Charlotte-Concord-Gastonia, NC-SC","37","North Carolina","119","Mecklenburg","35.2401000008895","-80.785683"
"03/06/2013","AQS","371190041","1","0.036","ppm","33","Garinger High School","17","100.0000","44201","Ozone","16740","Charlotte-Concord-Gastonia, NC-SC","37","North Carolina","119","Mecklenburg","35.2401000008895","-80.785683"
"03/07/2013","AQS","371190041","1","0.04","ppm","37","Garinger High School","17","100.0000","44201","Ozone","16740","Charlotte-Concord-Gastonia, NC-SC","37","North Carolina","119","Mecklenburg","35.2401000008895","-80.785683"
"03/08/2013","AQS","371190041","1","0.045","ppm","42","Garinger High School","17","100.0000","44201","Ozone","16740","Charlotte-Concord-Gastonia, NC-SC","37","North Carolina","119","Mecklenburg","35.2401000008895","-80.785683"
"03/09/2013","AQS","371190041","1","0.049","ppm","45","Garinger High School","17","100.0000","44201","Ozone","16740","Charlotte-Concord-Gastonia, NC-SC","37","North Carolina","119","Mecklenburg","35.2401000008895","-80.785683"
"03/10/2013","AQS","371190041","1","0.053","ppm","49","Garinger High School","17","100.0000","44201","Ozone","16740","Charlotte-Concord-Gastonia, NC-SC","37","North Carolina","119","Mecklenburg","35.2401000008895","-80.785683"
"03/11/2013","AQS","371190041","1","0.046","ppm","43","Garinger High School","17","100.0000","44201","Ozone","16740","Charlotte-Concord-Gastonia, NC-SC","37","North Carolina","119","Mecklenburg","35.2401000008895","-80.785683"
"03/12/2013","AQS","371190041","1","0.043","ppm","40","Garinger High School","17","100.0000","44201","Ozone","16740","Charlotte-Concord-Gastonia, NC-SC","37","North Carolina","119","Mecklenburg","35.2401000008895","-80.785683"
"03/13/2013","AQS","371190041","1","0.047","ppm","44","Garinger High School","17","100.0000","44201","Ozone","16740","Charlotte-Concord-Gastonia, NC-SC","37","North Carolina","119","Mecklenburg","35.2401000008895","-80.785683"
"03/14/2013","AQS","371190041","1","0.045","ppm","42","Garinger High School","17","100.0000","44201","Ozone","16740","Charlotte-Concord-Gastonia, NC-SC","37","North Carolina","119","Mecklenburg","35.2401000008895","-80.785683"
"03/15/2013","AQS","371190041","1","0.055","ppm","51","Garinger High School","17","100.0000","44201","Ozone","16740","Charlotte-Concord-Gastonia, NC-SC","37","North Carolina","119","Mecklenburg","35.2401000008895","-80.785683"
"03/16/2013","AQS","371190041","1","0.061","ppm","71","Garinger High School","17","100.0000","44201","Ozone","16740","Charlotte-Concord-Gastonia, NC-SC","37","North Carolina","119","Mecklenburg","35.2401000008895","-80.785683"
"03/17/2013","AQS","371190041","1","0.048","ppm","44","Garinger High School","17","100.0000","44201","Ozone","16740","Charlotte-Concord-Gastonia, NC-SC","37","North Carolina","119","Mecklenburg","35.2401000008895","-80.785683"
"03/18/2013","AQS","371190041","1","0.021","ppm","19","Garinger High School","17","100.0000","44201","Ozone","16740","Charlotte-Concord-Gastonia, NC-SC","37","North Carolina","119","Mecklenburg","35.2401000008895","-80.785683"
"03/19/2013","AQS","371190041","1","0.049","ppm","45","Garinger High School","17","100.0000","44201","Ozone","16740","Charlotte-Concord-Gastonia, NC-SC","37","North Carolina","119","Mecklenburg","35.2401000008895","-80.785683"
"03/20/2013","AQS","371190041","1","0.046","ppm","43","Garinger High School","17","100.0000","44201","Ozone","16740","Charlotte-Concord-Gastonia, NC-SC","37","North Carolina","119","Mecklenburg","35.2401000008895","-80.785683"
"03/22/2013","AQS","371190041","1","0.042","ppm","39","Garinger High School","17","100.0000","44201","Ozone","16740","Charlotte-Concord-Gastonia, NC-SC","37","North Carolina","119","Mecklenburg","35.2401000008895","-80.785683"
"03/23/2013","AQS","371190041","1","0.034","ppm","31","Garinger High School","17","100.0000","44201","Ozone","16740","Charlotte-Concord-Gastonia, NC-SC","37","North Carolina","119","Mecklenburg","35.2401000008895","-80.785683"
"03/24/2013","AQS","371190041","1","0.038","ppm","35","Garinger High School","17","100.0000","44201","Ozone","16740","Charlotte-Concord-Gastonia, NC-SC","37","North Carolina","119","Mecklenburg","35.2401000008895","-80.785683"
"03/25/2013","AQS","371190041","1","0.04","ppm","37","Garinger High School","17","100.0000","44201","Ozone","16740","Charlotte-Concord-Gastonia, NC-SC","37","North Carolina","119","Mecklenburg","35.2401000008895","-80.785683"
"03/26/2013","AQS","371190041","1","0.04","ppm","37","Garinger High School","17","100.0000","44201","Ozone","16740","Charlotte-Concord-Gastonia, NC-SC","37","North Carolina","119","Mecklenburg","35.2401000008895","-80.785683"
"03/27/2013","AQS","371190041","1","0.048","ppm","44","Garinger High School","17","100.0000","44201","Ozone","16740","Charlotte-Concord-Gastonia, NC-SC","37","North Carolina","119","Mecklenburg","35.2401000008895","-80.785683"
"03/28/2013","AQS","371190041","1","0.052","ppm","48","Garinger High School","17","100.0000","44201","Ozone","16740","Charlotte-Concord-Gastonia, NC-SC","37","North Carolina","119","Mecklenburg","35.2401000008895","-80.785683"
"03/29/2013","AQS","371190041","1","0.056","ppm","54","Garinger High School","17","100.0000","44201","Ozone","16740","Charlotte-Concord-Gastonia, NC-SC","37","North Carolina","119","Mecklenburg","35.2401000008895","-80.785683"
"03/30/2013","AQS","371190041","1","0.06","ppm","67","Garinger High School","17","100.0000","44201","Ozone","16740","Charlotte-Concord-Gastonia, NC-SC","37","North Carolina","119","Mecklenburg","35.2401000008895","-80.785683"
"03/31/2013","AQS","371190041","1","0.046","ppm","43","Garinger High School","17","100.0000","44201","Ozone","16740","Charlotte-Concord-Gastonia, NC-SC","37","North Carolina","119","Mecklenburg","35.2401000008895","-80.785683"
"04/01/2013","AQS","371190041","1","0.05","ppm","46","Garinger High School","17","100.0000","44201","Ozone","16740","Charlotte-Concord-Gastonia, NC-SC","37","North Carolina","119","Mecklenburg","35.2401000008895","-80.785683"
"04/02/2013","AQS","371190041","1","0.055","ppm","51","Garinger High School","17","100.0000","44201","Ozone","16740","Charlotte-Concord-Gastonia, NC-SC","37","North Carolina","119","Mecklenburg","35.2401000008895","-80.785683"
"04/03/2013","AQS","371190041","1","0.054","ppm","50","Garinger High School","17","100.0000","44201","Ozone","16740","Charlotte-Concord-Gastonia, NC-SC","37","North Carolina","119","Mecklenburg","35.2401000008895","-80.785683"
"04/04/2013","AQS","371190041","1","0.042","ppm","39","Garinger High School","17","100.0000","44201","Ozone","16740","Charlotte-Concord-Gastonia, NC-SC","37","North Carolina","119","Mecklenburg","35.2401000008895","-80.785683"
"04/05/2013","AQS","371190041","1","0.052","ppm","48","Garinger High School","17","100.0000","44201","Ozone","16740","Charlotte-Concord-Gastonia, NC-SC","37","North Carolina","119","Mecklenburg","35.2401000008895","-80.785683"
"04/06/2013","AQS","371190041","1","0.064","ppm","80","Garinger High School","17","100.0000","44201","Ozone","16740","Charlotte-Concord-Gastonia, NC-SC","37","North Carolina","119","Mecklenburg","35.2401000008895","-80.785683"
"04/07/2013","AQS","371190041","1","0.055","ppm","51","Garinger High School","17","100.0000","44201","Ozone","16740","Charlotte-Concord-Gastonia, NC-SC","37","North Carolina","119","Mecklenburg","35.2401000008895","-80.785683"
"04/08/2013","AQS","371190041","1","0.05","ppm","46","Garinger High School","17","100.0000","44201","Ozone","16740","Charlotte-Concord-Gastonia, NC-SC","37","North Carolina","119","Mecklenburg","35.2401000008895","-80.785683"
"04/09/2013","AQS","371190041","1","0.053","ppm","49","Garinger High School","17","100.0000","44201","Ozone","16740","Charlotte-Concord-Gastonia, NC-SC","37","North Carolina","119","Mecklenburg","35.2401000008895","-80.785683"
"04/10/2013","AQS","371190041","1","0.05","ppm","46","Garinger High School","17","100.0000","44201","Ozone","16740","Charlotte-Concord-Gastonia, NC-SC","37","North Carolina","119","Mecklenburg","35.2401000008895","-80.785683"
"04/11/2013","AQS","371190041","1","0.04","ppm","37","Garinger High School","17","100.0000","44201","Ozone","16740","Charlotte-Concord-Gastonia, NC-SC","37","North Carolina","119","Mecklenburg","35.2401000008895","-80.785683"
"04/12/2013","AQS","371190041","1","0.048","ppm","44","Garinger High School","17","100.0000","44201","Ozone","16740","Charlotte-Concord-Gastonia, NC-SC","37","North Carolina","119","Mecklenburg","35.2401000008895","-80.785683"
"04/13/2013","AQS","371190041","1","0.053","ppm","49","Garinger High School","17","100.0000","44201","Ozone","16740","Charlotte-Concord-Gastonia, NC-SC","37","North Carolina","119","Mecklenburg","35.2401000008895","-80.785683"
"04/14/2013","AQS","371190041","1","0.05","ppm","46","Garinger High School","17","100.0000","44201","Ozone","16740","Charlotte-Concord-Gastonia, NC-SC","37","North Carolina","119","Mecklenburg","35.2401000008895","-80.785683"
"04/15/2013","AQS","371190041","1","0.039","ppm","36","Garinger High School","17","100.0000","44201","Ozone","16740","Charlotte-Concord-Gastonia, NC-SC","37","North Carolina","119","Mecklenburg","35.2401000008895","-80.785683"
"04/16/2013","AQS","371190041","1","0.045","ppm","42","Garinger High School","17","100.0000","44201","Ozone","16740","Charlotte-Concord-Gastonia, NC-SC","37","North Carolina","119","Mecklenburg","35.2401000008895","-80.785683"
"04/17/2013","AQS","371190041","1","0.049","ppm","45","Garinger High School","17","100.0000","44201","Ozone","16740","Charlotte-Concord-Gastonia, NC-SC","37","North Carolina","119","Mecklenburg","35.2401000008895","-80.785683"
"04/18/2013","AQS","371190041","1","0.039","ppm","36","Garinger High School","17","100.0000","44201","Ozone","16740","Charlotte-Concord-Gastonia, NC-SC","37","North Carolina","119","Mecklenburg","35.2401000008895","-80.785683"
"04/19/2013","AQS","371190041","1","0.03","ppm","28","Garinger High School","17","100.0000","44201","Ozone","16740","Charlotte-Concord-Gastonia, NC-SC","37","North Carolina","119","Mecklenburg","35.2401000008895","-80.785683"
"04/20/2013","AQS","371190041","1","0.049","ppm","45","Garinger High School","17","100.0000","44201","Ozone","16740","Charlotte-Concord-Gastonia, NC-SC","37","North Carolina","119","Mecklenburg","35.2401000008895","-80.785683"
"04/21/2013","AQS","371190041","1","0.046","ppm","43","Garinger High School","17","100.0000","44201","Ozone","16740","Charlotte-Concord-Gastonia, NC-SC","37","North Carolina","119","Mecklenburg","35.2401000008895","-80.785683"
"04/22/2013","AQS","371190041","1","0.055","ppm","51","Garinger High School","17","100.0000","44201","Ozone","16740","Charlotte-Concord-Gastonia, NC-SC","37","North Carolina","119","Mecklenburg","35.2401000008895","-80.785683"
"04/23/2013","AQS","371190041","1","0.045","ppm","42","Garinger High School","17","100.0000","44201","Ozone","16740","Charlotte-Concord-Gastonia, NC-SC","37","North Carolina","119","Mecklenburg","35.2401000008895","-80.785683"
"04/24/2013","AQS","371190041","1","0.046","ppm","43","Garinger High School","17","100.0000","44201","Ozone","16740","Charlotte-Concord-Gastonia, NC-SC","37","North Carolina","119","Mecklenburg","35.2401000008895","-80.785683"
"04/25/2013","AQS","371190041","1","0.052","ppm","48","Garinger High School","17","100.0000","44201","Ozone","16740","Charlotte-Concord-Gastonia, NC-SC","37","North Carolina","119","Mecklenburg","35.2401000008895","-80.785683"
"04/26/2013","AQS","371190041","1","0.061","ppm","71","Garinger High School","17","100.0000","44201","Ozone","16740","Charlotte-Concord-Gastonia, NC-SC","37","North Carolina","119","Mecklenburg","35.2401000008895","-80.785683"
"04/27/2013","AQS","371190041","1","0.043","ppm","40","Garinger High School","17","100.0000","44201","Ozone","16740","Charlotte-Concord-Gastonia, NC-SC","37","North Carolina","119","Mecklenburg","35.2401000008895","-80.785683"
"04/29/2013","AQS","371190041","1","0.038","ppm","35","Garinger High School","17","100.0000","44201","Ozone","16740","Charlotte-Concord-Gastonia, NC-SC","37","North Carolina","119","Mecklenburg","35.2401000008895","-80.785683"
"04/30/2013","AQS","371190041","1","0.036","ppm","33","Garinger High School","17","100.0000","44201","Ozone","16740","Charlotte-Concord-Gastonia, NC-SC","37","North Carolina","119","Mecklenburg","35.2401000008895","-80.785683"
"05/01/2013","AQS","371190041","1","0.037","ppm","34","Garinger High School","17","100.0000","44201","Ozone","16740","Charlotte-Concord-Gastonia, NC-SC","37","North Carolina","119","Mecklenburg","35.2401000008895","-80.785683"
"05/02/2013","AQS","371190041","1","0.026","ppm","24","Garinger High School","17","100.0000","44201","Ozone","16740","Charlotte-Concord-Gastonia, NC-SC","37","North Carolina","119","Mecklenburg","35.2401000008895","-80.785683"
"05/03/2013","AQS","371190041","1","0.041","ppm","38","Garinger High School","17","100.0000","44201","Ozone","16740","Charlotte-Concord-Gastonia, NC-SC","37","North Carolina","119","Mecklenburg","35.2401000008895","-80.785683"
"05/04/2013","AQS","371190041","1","0.036","ppm","33","Garinger High School","17","100.0000","44201","Ozone","16740","Charlotte-Concord-Gastonia, NC-SC","37","North Carolina","119","Mecklenburg","35.2401000008895","-80.785683"
"05/05/2013","AQS","371190041","1","0.032","ppm","30","Garinger High School","17","100.0000","44201","Ozone","16740","Charlotte-Concord-Gastonia, NC-SC","37","North Carolina","119","Mecklenburg","35.2401000008895","-80.785683"
"05/06/2013","AQS","371190041","1","0.044","ppm","41","Garinger High School","17","100.0000","44201","Ozone","16740","Charlotte-Concord-Gastonia, NC-SC","37","North Carolina","119","Mecklenburg","35.2401000008895","-80.785683"
"05/07/2013","AQS","371190041","1","0.043","ppm","40","Garinger High School","17","100.0000","44201","Ozone","16740","Charlotte-Concord-Gastonia, NC-SC","37","North Carolina","119","Mecklenburg","35.2401000008895","-80.785683"
"05/08/2013","AQS","371190041","1","0.044","ppm","41","Garinger High School","17","100.0000","44201","Ozone","16740","Charlotte-Concord-Gastonia, NC-SC","37","North Carolina","119","Mecklenburg","35.2401000008895","-80.785683"
"05/09/2013","AQS","371190041","1","0.051","ppm","47","Garinger High School","17","100.0000","44201","Ozone","16740","Charlotte-Concord-Gastonia, NC-SC","37","North Carolina","119","Mecklenburg","35.2401000008895","-80.785683"
"05/10/2013","AQS","371190041","1","0.049","ppm","45","Garinger High School","17","100.0000","44201","Ozone","16740","Charlotte-Concord-Gastonia, NC-SC","37","North Carolina","119","Mecklenburg","35.2401000008895","-80.785683"
"05/11/2013","AQS","371190041","1","0.047","ppm","44","Garinger High School","17","100.0000","44201","Ozone","16740","Charlotte-Concord-Gastonia, NC-SC","37","North Carolina","119","Mecklenburg","35.2401000008895","-80.785683"
"05/12/2013","AQS","371190041","1","0.049","ppm","45","Garinger High School","17","100.0000","44201","Ozone","16740","Charlotte-Concord-Gastonia, NC-SC","37","North Carolina","119","Mecklenburg","35.2401000008895","-80.785683"
"05/13/2013","AQS","371190041","1","0.051","ppm","47","Garinger High School","17","100.0000","44201","Ozone","16740","Charlotte-Concord-Gastonia, NC-SC","37","North Carolina","119","Mecklenburg","35.2401000008895","-80.785683"
"05/14/2013","AQS","371190041","1","0.057","ppm","58","Garinger High School","17","100.0000","44201","Ozone","16740","Charlotte-Concord-Gastonia, NC-SC","37","North Carolina","119","Mecklenburg","35.2401000008895","-80.785683"
"05/15/2013","AQS","371190041","1","0.067","ppm","90","Garinger High School","17","100.0000","44201","Ozone","16740","Charlotte-Concord-Gastonia, NC-SC","37","North Carolina","119","Mecklenburg","35.2401000008895","-80.785683"
"05/16/2013","AQS","371190041","1","0.062","ppm","74","Garinger High School","17","100.0000","44201","Ozone","16740","Charlotte-Concord-Gastonia, NC-SC","37","North Carolina","119","Mecklenburg","35.2401000008895","-80.785683"
"05/17/2013","AQS","371190041","1","0.068","ppm","93","Garinger High School","17","100.0000","44201","Ozone","16740","Charlotte-Concord-Gastonia, NC-SC","37","North Carolina","119","Mecklenburg","35.2401000008895","-80.785683"
"05/18/2013","AQS","371190041","1","0.044","ppm","41","Garinger High School","17","100.0000","44201","Ozone","16740","Charlotte-Concord-Gastonia, NC-SC","37","North Carolina","119","Mecklenburg","35.2401000008895","-80.785683"
"05/19/2013","AQS","371190041","1","0.031","ppm","29","Garinger High School","17","100.0000","44201","Ozone","16740","Charlotte-Concord-Gastonia, NC-SC","37","North Carolina","119","Mecklenburg","35.2401000008895","-80.785683"
"05/20/2013","AQS","371190041","1","0.049","ppm","45","Garinger High School","17","100.0000","44201","Ozone","16740","Charlotte-Concord-Gastonia, NC-SC","37","North Carolina","119","Mecklenburg","35.2401000008895","-80.785683"
"05/21/2013","AQS","371190041","1","0.044","ppm","41","Garinger High School","17","100.0000","44201","Ozone","16740","Charlotte-Concord-Gastonia, NC-SC","37","North Carolina","119","Mecklenburg","35.2401000008895","-80.785683"
"05/22/2013","AQS","371190041","1","0.045","ppm","42","Garinger High School","17","100.0000","44201","Ozone","16740","Charlotte-Concord-Gastonia, NC-SC","37","North Carolina","119","Mecklenburg","35.2401000008895","-80.785683"
"05/23/2013","AQS","371190041","1","0.039","ppm","36","Garinger High School","17","100.0000","44201","Ozone","16740","Charlotte-Concord-Gastonia, NC-SC","37","North Carolina","119","Mecklenburg","35.2401000008895","-80.785683"
"05/24/2013","AQS","371190041","1","0.045","ppm","42","Garinger High School","17","100.0000","44201","Ozone","16740","Charlotte-Concord-Gastonia, NC-SC","37","North Carolina","119","Mecklenburg","35.2401000008895","-80.785683"
"05/25/2013","AQS","371190041","1","0.05","ppm","46","Garinger High School","17","100.0000","44201","Ozone","16740","Charlotte-Concord-Gastonia, NC-SC","37","North Carolina","119","Mecklenburg","35.2401000008895","-80.785683"
"05/26/2013","AQS","371190041","1","0.054","ppm","50","Garinger High School","17","100.0000","44201","Ozone","16740","Charlotte-Concord-Gastonia, NC-SC","37","North Carolina","119","Mecklenburg","35.2401000008895","-80.785683"
"05/27/2013","AQS","371190041","1","0.053","ppm","49","Garinger High School","17","100.0000","44201","Ozone","16740","Charlotte-Concord-Gastonia, NC-SC","37","North Carolina","119","Mecklenburg","35.2401000008895","-80.785683"
"05/28/2013","AQS","371190041","1","0.049","ppm","45","Garinger High School","17","100.0000","44201","Ozone","16740","Charlotte-Concord-Gastonia, NC-SC","37","North Carolina","119","Mecklenburg","35.2401000008895","-80.785683"
"05/29/2013","AQS","371190041","1","0.051","ppm","47","Garinger High School","17","100.0000","44201","Ozone","16740","Charlotte-Concord-Gastonia, NC-SC","37","North Carolina","119","Mecklenburg","35.2401000008895","-80.785683"
"05/30/2013","AQS","371190041","1","0.048","ppm","44","Garinger High School","17","100.0000","44201","Ozone","16740","Charlotte-Concord-Gastonia, NC-SC","37","North Carolina","119","Mecklenburg","35.2401000008895","-80.785683"
"05/31/2013","AQS","371190041","1","0.033","ppm","31","Garinger High School","17","100.0000","44201","Ozone","16740","Charlotte-Concord-Gastonia, NC-SC","37","North Carolina","119","Mecklenburg","35.2401000008895","-80.785683"
"06/01/2013","AQS","371190041","1","0.032","ppm","30","Garinger High School","17","100.0000","44201","Ozone","16740","Charlotte-Concord-Gastonia, NC-SC","37","North Carolina","119","Mecklenburg","35.2401000008895","-80.785683"
"06/02/2013","AQS","371190041","1","0.027","ppm","25","Garinger High School","17","100.0000","44201","Ozone","16740","Charlotte-Concord-Gastonia, NC-SC","37","North Carolina","119","Mecklenburg","35.2401000008895","-80.785683"
"06/03/2013","AQS","371190041","1","0.044","ppm","41","Garinger High School","17","100.0000","44201","Ozone","16740","Charlotte-Concord-Gastonia, NC-SC","37","North Carolina","119","Mecklenburg","35.2401000008895","-80.785683"
"06/04/2013","AQS","371190041","1","0.045","ppm","42","Garinger High School","17","100.0000","44201","Ozone","16740","Charlotte-Concord-Gastonia, NC-SC","37","North Carolina","119","Mecklenburg","35.2401000008895","-80.785683"
"06/05/2013","AQS","371190041","1","0.04","ppm","37","Garinger High School","17","100.0000","44201","Ozone","16740","Charlotte-Concord-Gastonia, NC-SC","37","North Carolina","119","Mecklenburg","35.2401000008895","-80.785683"
"06/06/2013","AQS","371190041","1","0.021","ppm","19","Garinger High School","17","100.0000","44201","Ozone","16740","Charlotte-Concord-Gastonia, NC-SC","37","North Carolina","119","Mecklenburg","35.2401000008895","-80.785683"
"06/07/2013","AQS","371190041","1","0.031","ppm","29","Garinger High School","17","100.0000","44201","Ozone","16740","Charlotte-Concord-Gastonia, NC-SC","37","North Carolina","119","Mecklenburg","35.2401000008895","-80.785683"
"06/08/2013","AQS","371190041","1","0.046","ppm","43","Garinger High School","17","100.0000","44201","Ozone","16740","Charlotte-Concord-Gastonia, NC-SC","37","North Carolina","119","Mecklenburg","35.2401000008895","-80.785683"
"06/09/2013","AQS","371190041","1","0.041","ppm","38","Garinger High School","17","100.0000","44201","Ozone","16740","Charlotte-Concord-Gastonia, NC-SC","37","North Carolina","119","Mecklenburg","35.2401000008895","-80.785683"
"06/11/2013","AQS","371190041","1","0.045","ppm","42","Garinger High School","17","100.0000","44201","Ozone","16740","Charlotte-Concord-Gastonia, NC-SC","37","North Carolina","119","Mecklenburg","35.2401000008895","-80.785683"
"06/12/2013","AQS","371190041","1","0.06","ppm","67","Garinger High School","17","100.0000","44201","Ozone","16740","Charlotte-Concord-Gastonia, NC-SC","37","North Carolina","119","Mecklenburg","35.2401000008895","-80.785683"
"06/13/2013","AQS","371190041","1","0.046","ppm","43","Garinger High School","17","100.0000","44201","Ozone","16740","Charlotte-Concord-Gastonia, NC-SC","37","North Carolina","119","Mecklenburg","35.2401000008895","-80.785683"
"06/14/2013","AQS","371190041","1","0.047","ppm","44","Garinger High School","17","100.0000","44201","Ozone","16740","Charlotte-Concord-Gastonia, NC-SC","37","North Carolina","119","Mecklenburg","35.2401000008895","-80.785683"
"06/15/2013","AQS","371190041","1","0.051","ppm","47","Garinger High School","17","100.0000","44201","Ozone","16740","Charlotte-Concord-Gastonia, NC-SC","37","North Carolina","119","Mecklenburg","35.2401000008895","-80.785683"
"06/16/2013","AQS","371190041","1","0.046","ppm","43","Garinger High School","17","100.0000","44201","Ozone","16740","Charlotte-Concord-Gastonia, NC-SC","37","North Carolina","119","Mecklenburg","35.2401000008895","-80.785683"
"06/17/2013","AQS","371190041","1","0.045","ppm","42","Garinger High School","17","100.0000","44201","Ozone","16740","Charlotte-Concord-Gastonia, NC-SC","37","North Carolina","119","Mecklenburg","35.2401000008895","-80.785683"
"06/18/2013","AQS","371190041","1","0.034","ppm","31","Garinger High School","17","100.0000","44201","Ozone","16740","Charlotte-Concord-Gastonia, NC-SC","37","North Carolina","119","Mecklenburg","35.2401000008895","-80.785683"
"06/19/2013","AQS","371190041","1","0.05","ppm","46","Garinger High School","17","100.0000","44201","Ozone","16740","Charlotte-Concord-Gastonia, NC-SC","37","North Carolina","119","Mecklenburg","35.2401000008895","-80.785683"
"06/20/2013","AQS","371190041","1","0.05","ppm","46","Garinger High School","17","100.0000","44201","Ozone","16740","Charlotte-Concord-Gastonia, NC-SC","37","North Carolina","119","Mecklenburg","35.2401000008895","-80.785683"
"06/21/2013","AQS","371190041","1","0.058","ppm","61","Garinger High School","17","100.0000","44201","Ozone","16740","Charlotte-Concord-Gastonia, NC-SC","37","North Carolina","119","Mecklenburg","35.2401000008895","-80.785683"
"06/22/2013","AQS","371190041","1","0.043","ppm","40","Garinger High School","17","100.0000","44201","Ozone","16740","Charlotte-Concord-Gastonia, NC-SC","37","North Carolina","119","Mecklenburg","35.2401000008895","-80.785683"
"06/23/2013","AQS","371190041","1","0.043","ppm","40","Garinger High School","17","100.0000","44201","Ozone","16740","Charlotte-Concord-Gastonia, NC-SC","37","North Carolina","119","Mecklenburg","35.2401000008895","-80.785683"
"06/24/2013","AQS","371190041","1","0.028","ppm","26","Garinger High School","17","100.0000","44201","Ozone","16740","Charlotte-Concord-Gastonia, NC-SC","37","North Carolina","119","Mecklenburg","35.2401000008895","-80.785683"
"06/25/2013","AQS","371190041","1","0.032","ppm","30","Garinger High School","17","100.0000","44201","Ozone","16740","Charlotte-Concord-Gastonia, NC-SC","37","North Carolina","119","Mecklenburg","35.2401000008895","-80.785683"
"06/26/2013","AQS","371190041","1","0.044","ppm","41","Garinger High School","17","100.0000","44201","Ozone","16740","Charlotte-Concord-Gastonia, NC-SC","37","North Carolina","119","Mecklenburg","35.2401000008895","-80.785683"
"06/27/2013","AQS","371190041","1","0.034","ppm","31","Garinger High School","17","100.0000","44201","Ozone","16740","Charlotte-Concord-Gastonia, NC-SC","37","North Carolina","119","Mecklenburg","35.2401000008895","-80.785683"
"06/28/2013","AQS","371190041","1","0.052","ppm","48","Garinger High School","17","100.0000","44201","Ozone","16740","Charlotte-Concord-Gastonia, NC-SC","37","North Carolina","119","Mecklenburg","35.2401000008895","-80.785683"
"06/29/2013","AQS","371190041","1","0.043","ppm","40","Garinger High School","17","100.0000","44201","Ozone","16740","Charlotte-Concord-Gastonia, NC-SC","37","North Carolina","119","Mecklenburg","35.2401000008895","-80.785683"
"06/30/2013","AQS","371190041","1","0.035","ppm","32","Garinger High School","17","100.0000","44201","Ozone","16740","Charlotte-Concord-Gastonia, NC-SC","37","North Carolina","119","Mecklenburg","35.2401000008895","-80.785683"
"07/01/2013","AQS","371190041","1","0.034","ppm","31","Garinger High School","17","100.0000","44201","Ozone","16740","Charlotte-Concord-Gastonia, NC-SC","37","North Carolina","119","Mecklenburg","35.2401000008895","-80.785683"
"07/02/2013","AQS","371190041","1","0.022","ppm","20","Garinger High School","17","100.0000","44201","Ozone","16740","Charlotte-Concord-Gastonia, NC-SC","37","North Carolina","119","Mecklenburg","35.2401000008895","-80.785683"
"07/03/2013","AQS","371190041","1","0.018","ppm","17","Garinger High School","17","100.0000","44201","Ozone","16740","Charlotte-Concord-Gastonia, NC-SC","37","North Carolina","119","Mecklenburg","35.2401000008895","-80.785683"
"07/05/2013","AQS","371190041","1","0.015","ppm","14","Garinger High School","17","100.0000","44201","Ozone","16740","Charlotte-Concord-Gastonia, NC-SC","37","North Carolina","119","Mecklenburg","35.2401000008895","-80.785683"
"07/06/2013","AQS","371190041","1","0.019","ppm","18","Garinger High School","17","100.0000","44201","Ozone","16740","Charlotte-Concord-Gastonia, NC-SC","37","North Carolina","119","Mecklenburg","35.2401000008895","-80.785683"
"07/07/2013","AQS","371190041","1","0.021","ppm","19","Garinger High School","17","100.0000","44201","Ozone","16740","Charlotte-Concord-Gastonia, NC-SC","37","North Carolina","119","Mecklenburg","35.2401000008895","-80.785683"
"07/08/2013","AQS","371190041","1","0.032","ppm","30","Garinger High School","17","100.0000","44201","Ozone","16740","Charlotte-Concord-Gastonia, NC-SC","37","North Carolina","119","Mecklenburg","35.2401000008895","-80.785683"
"07/09/2013","AQS","371190041","1","0.04","ppm","37","Garinger High School","17","100.0000","44201","Ozone","16740","Charlotte-Concord-Gastonia, NC-SC","37","North Carolina","119","Mecklenburg","35.2401000008895","-80.785683"
"07/10/2013","AQS","371190041","1","0.04","ppm","37","Garinger High School","17","100.0000","44201","Ozone","16740","Charlotte-Concord-Gastonia, NC-SC","37","North Carolina","119","Mecklenburg","35.2401000008895","-80.785683"
"07/11/2013","AQS","371190041","1","0.026","ppm","24","Garinger High School","17","100.0000","44201","Ozone","16740","Charlotte-Concord-Gastonia, NC-SC","37","North Carolina","119","Mecklenburg","35.2401000008895","-80.785683"
"07/12/2013","AQS","371190041","1","0.043","ppm","40","Garinger High School","17","100.0000","44201","Ozone","16740","Charlotte-Concord-Gastonia, NC-SC","37","North Carolina","119","Mecklenburg","35.2401000008895","-80.785683"
"07/13/2013","AQS","371190041","1","0.031","ppm","29","Garinger High School","17","100.0000","44201","Ozone","16740","Charlotte-Concord-Gastonia, NC-SC","37","North Carolina","119","Mecklenburg","35.2401000008895","-80.785683"
"07/14/2013","AQS","371190041","1","0.02","ppm","19","Garinger High School","17","100.0000","44201","Ozone","16740","Charlotte-Concord-Gastonia, NC-SC","37","North Carolina","119","Mecklenburg","35.2401000008895","-80.785683"
"07/15/2013","AQS","371190041","1","0.024","ppm","22","Garinger High School","17","100.0000","44201","Ozone","16740","Charlotte-Concord-Gastonia, NC-SC","37","North Carolina","119","Mecklenburg","35.2401000008895","-80.785683"
"07/16/2013","AQS","371190041","1","0.056","ppm","54","Garinger High School","17","100.0000","44201","Ozone","16740","Charlotte-Concord-Gastonia, NC-SC","37","North Carolina","119","Mecklenburg","35.2401000008895","-80.785683"
"07/17/2013","AQS","371190041","1","0.043","ppm","40","Garinger High School","17","100.0000","44201","Ozone","16740","Charlotte-Concord-Gastonia, NC-SC","37","North Carolina","119","Mecklenburg","35.2401000008895","-80.785683"
"07/18/2013","AQS","371190041","1","0.066","ppm","87","Garinger High School","17","100.0000","44201","Ozone","16740","Charlotte-Concord-Gastonia, NC-SC","37","North Carolina","119","Mecklenburg","35.2401000008895","-80.785683"
"07/19/2013","AQS","371190041","1","0.04","ppm","37","Garinger High School","17","100.0000","44201","Ozone","16740","Charlotte-Concord-Gastonia, NC-SC","37","North Carolina","119","Mecklenburg","35.2401000008895","-80.785683"
"07/20/2013","AQS","371190041","1","0.032","ppm","30","Garinger High School","17","100.0000","44201","Ozone","16740","Charlotte-Concord-Gastonia, NC-SC","37","North Carolina","119","Mecklenburg","35.2401000008895","-80.785683"
"07/21/2013","AQS","371190041","1","0.038","ppm","35","Garinger High School","17","100.0000","44201","Ozone","16740","Charlotte-Concord-Gastonia, NC-SC","37","North Carolina","119","Mecklenburg","35.2401000008895","-80.785683"
"07/22/2013","AQS","371190041","1","0.029","ppm","27","Garinger High School","17","100.0000","44201","Ozone","16740","Charlotte-Concord-Gastonia, NC-SC","37","North Carolina","119","Mecklenburg","35.2401000008895","-80.785683"
"07/23/2013","AQS","371190041","1","0.047","ppm","44","Garinger High School","17","100.0000","44201","Ozone","16740","Charlotte-Concord-Gastonia, NC-SC","37","North Carolina","119","Mecklenburg","35.2401000008895","-80.785683"
"07/24/2013","AQS","371190041","1","0.058","ppm","61","Garinger High School","17","100.0000","44201","Ozone","16740","Charlotte-Concord-Gastonia, NC-SC","37","North Carolina","119","Mecklenburg","35.2401000008895","-80.785683"
"07/25/2013","AQS","371190041","1","0.053","ppm","49","Garinger High School","17","100.0000","44201","Ozone","16740","Charlotte-Concord-Gastonia, NC-SC","37","North Carolina","119","Mecklenburg","35.2401000008895","-80.785683"
"07/26/2013","AQS","371190041","1","0.049","ppm","45","Garinger High School","17","100.0000","44201","Ozone","16740","Charlotte-Concord-Gastonia, NC-SC","37","North Carolina","119","Mecklenburg","35.2401000008895","-80.785683"
"07/27/2013","AQS","371190041","1","0.035","ppm","32","Garinger High School","17","100.0000","44201","Ozone","16740","Charlotte-Concord-Gastonia, NC-SC","37","North Carolina","119","Mecklenburg","35.2401000008895","-80.785683"
"07/28/2013","AQS","371190041","1","0.039","ppm","36","Garinger High School","17","100.0000","44201","Ozone","16740","Charlotte-Concord-Gastonia, NC-SC","37","North Carolina","119","Mecklenburg","35.2401000008895","-80.785683"
"07/29/2013","AQS","371190041","1","0.049","ppm","45","Garinger High School","17","100.0000","44201","Ozone","16740","Charlotte-Concord-Gastonia, NC-SC","37","North Carolina","119","Mecklenburg","35.2401000008895","-80.785683"
"07/30/2013","AQS","371190041","1","0.053","ppm","49","Garinger High School","17","100.0000","44201","Ozone","16740","Charlotte-Concord-Gastonia, NC-SC","37","North Carolina","119","Mecklenburg","35.2401000008895","-80.785683"
"07/31/2013","AQS","371190041","1","0.044","ppm","41","Garinger High School","17","100.0000","44201","Ozone","16740","Charlotte-Concord-Gastonia, NC-SC","37","North Carolina","119","Mecklenburg","35.2401000008895","-80.785683"
"08/01/2013","AQS","371190041","1","0.038","ppm","35","Garinger High School","17","100.0000","44201","Ozone","16740","Charlotte-Concord-Gastonia, NC-SC","37","North Carolina","119","Mecklenburg","35.2401000008895","-80.785683"
"08/02/2013","AQS","371190041","1","0.05","ppm","46","Garinger High School","17","100.0000","44201","Ozone","16740","Charlotte-Concord-Gastonia, NC-SC","37","North Carolina","119","Mecklenburg","35.2401000008895","-80.785683"
"08/03/2013","AQS","371190041","1","0.046","ppm","43","Garinger High School","17","100.0000","44201","Ozone","16740","Charlotte-Concord-Gastonia, NC-SC","37","North Carolina","119","Mecklenburg","35.2401000008895","-80.785683"
"08/04/2013","AQS","371190041","1","0.044","ppm","41","Garinger High School","17","100.0000","44201","Ozone","16740","Charlotte-Concord-Gastonia, NC-SC","37","North Carolina","119","Mecklenburg","35.2401000008895","-80.785683"
"08/05/2013","AQS","371190041","1","0.046","ppm","43","Garinger High School","17","100.0000","44201","Ozone","16740","Charlotte-Concord-Gastonia, NC-SC","37","North Carolina","119","Mecklenburg","35.2401000008895","-80.785683"
"08/06/2013","AQS","371190041","1","0.036","ppm","33","Garinger High School","17","100.0000","44201","Ozone","16740","Charlotte-Concord-Gastonia, NC-SC","37","North Carolina","119","Mecklenburg","35.2401000008895","-80.785683"
"08/07/2013","AQS","371190041","1","0.039","ppm","36","Garinger High School","17","100.0000","44201","Ozone","16740","Charlotte-Concord-Gastonia, NC-SC","37","North Carolina","119","Mecklenburg","35.2401000008895","-80.785683"
"08/08/2013","AQS","371190041","1","0.035","ppm","32","Garinger High School","17","100.0000","44201","Ozone","16740","Charlotte-Concord-Gastonia, NC-SC","37","North Carolina","119","Mecklenburg","35.2401000008895","-80.785683"
"08/09/2013","AQS","371190041","1","0.034","ppm","31","Garinger High School","17","100.0000","44201","Ozone","16740","Charlotte-Concord-Gastonia, NC-SC","37","North Carolina","119","Mecklenburg","35.2401000008895","-80.785683"
"08/10/2013","AQS","371190041","1","0.034","ppm","31","Garinger High School","17","100.0000","44201","Ozone","16740","Charlotte-Concord-Gastonia, NC-SC","37","North Carolina","119","Mecklenburg","35.2401000008895","-80.785683"
"08/11/2013","AQS","371190041","1","0.045","ppm","42","Garinger High School","17","100.0000","44201","Ozone","16740","Charlotte-Concord-Gastonia, NC-SC","37","North Carolina","119","Mecklenburg","35.2401000008895","-80.785683"
"08/12/2013","AQS","371190041","1","0.055","ppm","51","Garinger High School","17","100.0000","44201","Ozone","16740","Charlotte-Concord-Gastonia, NC-SC","37","North Carolina","119","Mecklenburg","35.2401000008895","-80.785683"
"08/13/2013","AQS","371190041","1","0.041","ppm","38","Garinger High School","17","100.0000","44201","Ozone","16740","Charlotte-Concord-Gastonia, NC-SC","37","North Carolina","119","Mecklenburg","35.2401000008895","-80.785683"
"08/14/2013","AQS","371190041","1","0.044","ppm","41","Garinger High School","17","100.0000","44201","Ozone","16740","Charlotte-Concord-Gastonia, NC-SC","37","North Carolina","119","Mecklenburg","35.2401000008895","-80.785683"
"08/15/2013","AQS","371190041","1","0.039","ppm","36","Garinger High School","17","100.0000","44201","Ozone","16740","Charlotte-Concord-Gastonia, NC-SC","37","North Carolina","119","Mecklenburg","35.2401000008895","-80.785683"
"08/16/2013","AQS","371190041","1","0.032","ppm","30","Garinger High School","17","100.0000","44201","Ozone","16740","Charlotte-Concord-Gastonia, NC-SC","37","North Carolina","119","Mecklenburg","35.2401000008895","-80.785683"
"08/17/2013","AQS","371190041","1","0.027","ppm","25","Garinger High School","17","100.0000","44201","Ozone","16740","Charlotte-Concord-Gastonia, NC-SC","37","North Carolina","119","Mecklenburg","35.2401000008895","-80.785683"
"08/18/2013","AQS","371190041","1","0.035","ppm","32","Garinger High School","17","100.0000","44201","Ozone","16740","Charlotte-Concord-Gastonia, NC-SC","37","North Carolina","119","Mecklenburg","35.2401000008895","-80.785683"
"08/19/2013","AQS","371190041","1","0.025","ppm","23","Garinger High School","17","100.0000","44201","Ozone","16740","Charlotte-Concord-Gastonia, NC-SC","37","North Carolina","119","Mecklenburg","35.2401000008895","-80.785683"
"08/20/2013","AQS","371190041","1","0.032","ppm","30","Garinger High School","17","100.0000","44201","Ozone","16740","Charlotte-Concord-Gastonia, NC-SC","37","North Carolina","119","Mecklenburg","35.2401000008895","-80.785683"
"08/21/2013","AQS","371190041","1","0.022","ppm","20","Garinger High School","13","76.0000","44201","Ozone","16740","Charlotte-Concord-Gastonia, NC-SC","37","North Carolina","119","Mecklenburg","35.2401000008895","-80.785683"
"08/22/2013","AQS","371190041","1","0.043","ppm","40","Garinger High School","17","100.0000","44201","Ozone","16740","Charlotte-Concord-Gastonia, NC-SC","37","North Carolina","119","Mecklenburg","35.2401000008895","-80.785683"
"08/23/2013","AQS","371190041","1","0.044","ppm","41","Garinger High School","17","100.0000","44201","Ozone","16740","Charlotte-Concord-Gastonia, NC-SC","37","North Carolina","119","Mecklenburg","35.2401000008895","-80.785683"
"08/24/2013","AQS","371190041","1","0.042","ppm","39","Garinger High School","17","100.0000","44201","Ozone","16740","Charlotte-Concord-Gastonia, NC-SC","37","North Carolina","119","Mecklenburg","35.2401000008895","-80.785683"
"08/25/2013","AQS","371190041","1","0.042","ppm","39","Garinger High School","17","100.0000","44201","Ozone","16740","Charlotte-Concord-Gastonia, NC-SC","37","North Carolina","119","Mecklenburg","35.2401000008895","-80.785683"
"08/26/2013","AQS","371190041","1","0.059","ppm","64","Garinger High School","17","100.0000","44201","Ozone","16740","Charlotte-Concord-Gastonia, NC-SC","37","North Carolina","119","Mecklenburg","35.2401000008895","-80.785683"
"08/27/2013","AQS","371190041","1","0.061","ppm","71","Garinger High School","17","100.0000","44201","Ozone","16740","Charlotte-Concord-Gastonia, NC-SC","37","North Carolina","119","Mecklenburg","35.2401000008895","-80.785683"
"08/28/2013","AQS","371190041","1","0.055","ppm","51","Garinger High School","17","100.0000","44201","Ozone","16740","Charlotte-Concord-Gastonia, NC-SC","37","North Carolina","119","Mecklenburg","35.2401000008895","-80.785683"
"08/29/2013","AQS","371190041","1","0.055","ppm","51","Garinger High School","17","100.0000","44201","Ozone","16740","Charlotte-Concord-Gastonia, NC-SC","37","North Carolina","119","Mecklenburg","35.2401000008895","-80.785683"
"08/30/2013","AQS","371190041","1","0.05","ppm","46","Garinger High School","17","100.0000","44201","Ozone","16740","Charlotte-Concord-Gastonia, NC-SC","37","North Carolina","119","Mecklenburg","35.2401000008895","-80.785683"
"08/31/2013","AQS","371190041","1","0.041","ppm","38","Garinger High School","17","100.0000","44201","Ozone","16740","Charlotte-Concord-Gastonia, NC-SC","37","North Carolina","119","Mecklenburg","35.2401000008895","-80.785683"
"09/01/2013","AQS","371190041","1","0.039","ppm","36","Garinger High School","17","100.0000","44201","Ozone","16740","Charlotte-Concord-Gastonia, NC-SC","37","North Carolina","119","Mecklenburg","35.2401000008895","-80.785683"
"09/02/2013","AQS","371190041","1","0.043","ppm","40","Garinger High School","17","100.0000","44201","Ozone","16740","Charlotte-Concord-Gastonia, NC-SC","37","North Carolina","119","Mecklenburg","35.2401000008895","-80.785683"
"09/03/2013","AQS","371190041","1","0.052","ppm","48","Garinger High School","17","100.0000","44201","Ozone","16740","Charlotte-Concord-Gastonia, NC-SC","37","North Carolina","119","Mecklenburg","35.2401000008895","-80.785683"
"09/04/2013","AQS","371190041","1","0.068","ppm","93","Garinger High School","17","100.0000","44201","Ozone","16740","Charlotte-Concord-Gastonia, NC-SC","37","North Carolina","119","Mecklenburg","35.2401000008895","-80.785683"
"09/05/2013","AQS","371190041","1","0.066","ppm","87","Garinger High School","17","100.0000","44201","Ozone","16740","Charlotte-Concord-Gastonia, NC-SC","37","North Carolina","119","Mecklenburg","35.2401000008895","-80.785683"
"09/06/2013","AQS","371190041","1","0.056","ppm","54","Garinger High School","17","100.0000","44201","Ozone","16740","Charlotte-Concord-Gastonia, NC-SC","37","North Carolina","119","Mecklenburg","35.2401000008895","-80.785683"
"09/07/2013","AQS","371190041","1","0.055","ppm","51","Garinger High School","17","100.0000","44201","Ozone","16740","Charlotte-Concord-Gastonia, NC-SC","37","North Carolina","119","Mecklenburg","35.2401000008895","-80.785683"
"09/08/2013","AQS","371190041","1","0.059","ppm","64","Garinger High School","17","100.0000","44201","Ozone","16740","Charlotte-Concord-Gastonia, NC-SC","37","North Carolina","119","Mecklenburg","35.2401000008895","-80.785683"
"09/09/2013","AQS","371190041","1","0.054","ppm","50","Garinger High School","17","100.0000","44201","Ozone","16740","Charlotte-Concord-Gastonia, NC-SC","37","North Carolina","119","Mecklenburg","35.2401000008895","-80.785683"
"09/10/2013","AQS","371190041","1","0.06","ppm","67","Garinger High School","17","100.0000","44201","Ozone","16740","Charlotte-Concord-Gastonia, NC-SC","37","North Carolina","119","Mecklenburg","35.2401000008895","-80.785683"
"09/11/2013","AQS","371190041","1","0.056","ppm","54","Garinger High School","17","100.0000","44201","Ozone","16740","Charlotte-Concord-Gastonia, NC-SC","37","North Carolina","119","Mecklenburg","35.2401000008895","-80.785683"
"09/12/2013","AQS","371190041","1","0.056","ppm","54","Garinger High School","17","100.0000","44201","Ozone","16740","Charlotte-Concord-Gastonia, NC-SC","37","North Carolina","119","Mecklenburg","35.2401000008895","-80.785683"
"09/13/2013","AQS","371190041","1","0.05","ppm","46","Garinger High School","17","100.0000","44201","Ozone","16740","Charlotte-Concord-Gastonia, NC-SC","37","North Carolina","119","Mecklenburg","35.2401000008895","-80.785683"
"09/14/2013","AQS","371190041","1","0.043","ppm","40","Garinger High School","17","100.0000","44201","Ozone","16740","Charlotte-Concord-Gastonia, NC-SC","37","North Carolina","119","Mecklenburg","35.2401000008895","-80.785683"
"09/15/2013","AQS","371190041","1","0.041","ppm","38","Garinger High School","17","100.0000","44201","Ozone","16740","Charlotte-Concord-Gastonia, NC-SC","37","North Carolina","119","Mecklenburg","35.2401000008895","-80.785683"
"09/16/2013","AQS","371190041","1","0.052","ppm","48","Garinger High School","17","100.0000","44201","Ozone","16740","Charlotte-Concord-Gastonia, NC-SC","37","North Carolina","119","Mecklenburg","35.2401000008895","-80.785683"
"09/17/2013","AQS","371190041","1","0.046","ppm","43","Garinger High School","17","100.0000","44201","Ozone","16740","Charlotte-Concord-Gastonia, NC-SC","37","North Carolina","119","Mecklenburg","35.2401000008895","-80.785683"
"09/18/2013","AQS","371190041","1","0.051","ppm","47","Garinger High School","17","100.0000","44201","Ozone","16740","Charlotte-Concord-Gastonia, NC-SC","37","North Carolina","119","Mecklenburg","35.2401000008895","-80.785683"
"09/19/2013","AQS","371190041","1","0.053","ppm","49","Garinger High School","17","100.0000","44201","Ozone","16740","Charlotte-Concord-Gastonia, NC-SC","37","North Carolina","119","Mecklenburg","35.2401000008895","-80.785683"
"09/20/2013","AQS","371190041","1","0.05","ppm","46","Garinger High School","17","100.0000","44201","Ozone","16740","Charlotte-Concord-Gastonia, NC-SC","37","North Carolina","119","Mecklenburg","35.2401000008895","-80.785683"
"09/21/2013","AQS","371190041","1","0.033","ppm","31","Garinger High School","17","100.0000","44201","Ozone","16740","Charlotte-Concord-Gastonia, NC-SC","37","North Carolina","119","Mecklenburg","35.2401000008895","-80.785683"
"09/22/2013","AQS","371190041","1","0.041","ppm","38","Garinger High School","17","100.0000","44201","Ozone","16740","Charlotte-Concord-Gastonia, NC-SC","37","North Carolina","119","Mecklenburg","35.2401000008895","-80.785683"
"09/23/2013","AQS","371190041","1","0.043","ppm","40","Garinger High School","17","100.0000","44201","Ozone","16740","Charlotte-Concord-Gastonia, NC-SC","37","North Carolina","119","Mecklenburg","35.2401000008895","-80.785683"
"09/24/2013","AQS","371190041","1","0.05","ppm","46","Garinger High School","17","100.0000","44201","Ozone","16740","Charlotte-Concord-Gastonia, NC-SC","37","North Carolina","119","Mecklenburg","35.2401000008895","-80.785683"
"09/25/2013","AQS","371190041","1","0.036","ppm","33","Garinger High School","17","100.0000","44201","Ozone","16740","Charlotte-Concord-Gastonia, NC-SC","37","North Carolina","119","Mecklenburg","35.2401000008895","-80.785683"
"09/26/2013","AQS","371190041","1","0.055","ppm","51","Garinger High School","17","100.0000","44201","Ozone","16740","Charlotte-Concord-Gastonia, NC-SC","37","North Carolina","119","Mecklenburg","35.2401000008895","-80.785683"
"09/27/2013","AQS","371190041","1","0.047","ppm","44","Garinger High School","17","100.0000","44201","Ozone","16740","Charlotte-Concord-Gastonia, NC-SC","37","North Carolina","119","Mecklenburg","35.2401000008895","-80.785683"
"09/28/2013","AQS","371190041","1","0.046","ppm","43","Garinger High School","17","100.0000","44201","Ozone","16740","Charlotte-Concord-Gastonia, NC-SC","37","North Carolina","119","Mecklenburg","35.2401000008895","-80.785683"
"09/29/2013","AQS","371190041","1","0.039","ppm","36","Garinger High School","17","100.0000","44201","Ozone","16740","Charlotte-Concord-Gastonia, NC-SC","37","North Carolina","119","Mecklenburg","35.2401000008895","-80.785683"
"09/30/2013","AQS","371190041","1","0.043","ppm","40","Garinger High School","17","100.0000","44201","Ozone","16740","Charlotte-Concord-Gastonia, NC-SC","37","North Carolina","119","Mecklenburg","35.2401000008895","-80.785683"
"10/01/2013","AQS","371190041","1","0.049","ppm","45","Garinger High School","17","100.0000","44201","Ozone","16740","Charlotte-Concord-Gastonia, NC-SC","37","North Carolina","119","Mecklenburg","35.2401000008895","-80.785683"
"10/02/2013","AQS","371190041","1","0.048","ppm","44","Garinger High School","17","100.0000","44201","Ozone","16740","Charlotte-Concord-Gastonia, NC-SC","37","North Carolina","119","Mecklenburg","35.2401000008895","-80.785683"
"10/03/2013","AQS","371190041","1","0.043","ppm","40","Garinger High School","17","100.0000","44201","Ozone","16740","Charlotte-Concord-Gastonia, NC-SC","37","North Carolina","119","Mecklenburg","35.2401000008895","-80.785683"
"10/04/2013","AQS","371190041","1","0.061","ppm","71","Garinger High School","17","100.0000","44201","Ozone","16740","Charlotte-Concord-Gastonia, NC-SC","37","North Carolina","119","Mecklenburg","35.2401000008895","-80.785683"
"10/05/2013","AQS","371190041","1","0.067","ppm","90","Garinger High School","17","100.0000","44201","Ozone","16740","Charlotte-Concord-Gastonia, NC-SC","37","North Carolina","119","Mecklenburg","35.2401000008895","-80.785683"
"10/06/2013","AQS","371190041","1","0.037","ppm","34","Garinger High School","17","100.0000","44201","Ozone","16740","Charlotte-Concord-Gastonia, NC-SC","37","North Carolina","119","Mecklenburg","35.2401000008895","-80.785683"
"10/07/2013","AQS","371190041","1","0.026","ppm","24","Garinger High School","17","100.0000","44201","Ozone","16740","Charlotte-Concord-Gastonia, NC-SC","37","North Carolina","119","Mecklenburg","35.2401000008895","-80.785683"
"10/08/2013","AQS","371190041","1","0.025","ppm","23","Garinger High School","17","100.0000","44201","Ozone","16740","Charlotte-Concord-Gastonia, NC-SC","37","North Carolina","119","Mecklenburg","35.2401000008895","-80.785683"
"10/09/2013","AQS","371190041","1","0.04","ppm","37","Garinger High School","17","100.0000","44201","Ozone","16740","Charlotte-Concord-Gastonia, NC-SC","37","North Carolina","119","Mecklenburg","35.2401000008895","-80.785683"
"10/10/2013","AQS","371190041","1","0.029","ppm","27","Garinger High School","17","100.0000","44201","Ozone","16740","Charlotte-Concord-Gastonia, NC-SC","37","North Carolina","119","Mecklenburg","35.2401000008895","-80.785683"
"10/11/2013","AQS","371190041","1","0.036","ppm","33","Garinger High School","17","100.0000","44201","Ozone","16740","Charlotte-Concord-Gastonia, NC-SC","37","North Carolina","119","Mecklenburg","35.2401000008895","-80.785683"
"10/12/2013","AQS","371190041","1","0.031","ppm","29","Garinger High School","17","100.0000","44201","Ozone","16740","Charlotte-Concord-Gastonia, NC-SC","37","North Carolina","119","Mecklenburg","35.2401000008895","-80.785683"
"10/13/2013","AQS","371190041","1","0.02","ppm","19","Garinger High School","17","100.0000","44201","Ozone","16740","Charlotte-Concord-Gastonia, NC-SC","37","North Carolina","119","Mecklenburg","35.2401000008895","-80.785683"
"10/14/2013","AQS","371190041","1","0.025","ppm","23","Garinger High School","17","100.0000","44201","Ozone","16740","Charlotte-Concord-Gastonia, NC-SC","37","North Carolina","119","Mecklenburg","35.2401000008895","-80.785683"
"10/15/2013","AQS","371190041","1","0.048","ppm","44","Garinger High School","17","100.0000","44201","Ozone","16740","Charlotte-Concord-Gastonia, NC-SC","37","North Carolina","119","Mecklenburg","35.2401000008895","-80.785683"
"10/16/2013","AQS","371190041","1","0.033","ppm","31","Garinger High School","17","100.0000","44201","Ozone","16740","Charlotte-Concord-Gastonia, NC-SC","37","North Carolina","119","Mecklenburg","35.2401000008895","-80.785683"
"10/17/2013","AQS","371190041","1","0.022","ppm","20","Garinger High School","17","100.0000","44201","Ozone","16740","Charlotte-Concord-Gastonia, NC-SC","37","North Carolina","119","Mecklenburg","35.2401000008895","-80.785683"
"10/18/2013","AQS","371190041","1","0.028","ppm","26","Garinger High School","17","100.0000","44201","Ozone","16740","Charlotte-Concord-Gastonia, NC-SC","37","North Carolina","119","Mecklenburg","35.2401000008895","-80.785683"
"10/19/2013","AQS","371190041","1","0.021","ppm","19","Garinger High School","17","100.0000","44201","Ozone","16740","Charlotte-Concord-Gastonia, NC-SC","37","North Carolina","119","Mecklenburg","35.2401000008895","-80.785683"
"10/20/2013","AQS","371190041","1","0.038","ppm","35","Garinger High School","17","100.0000","44201","Ozone","16740","Charlotte-Concord-Gastonia, NC-SC","37","North Carolina","119","Mecklenburg","35.2401000008895","-80.785683"
"10/21/2013","AQS","371190041","1","0.036","ppm","33","Garinger High School","17","100.0000","44201","Ozone","16740","Charlotte-Concord-Gastonia, NC-SC","37","North Carolina","119","Mecklenburg","35.2401000008895","-80.785683"
"10/22/2013","AQS","371190041","1","0.026","ppm","24","Garinger High School","17","100.0000","44201","Ozone","16740","Charlotte-Concord-Gastonia, NC-SC","37","North Carolina","119","Mecklenburg","35.2401000008895","-80.785683"
"10/23/2013","AQS","371190041","1","0.035","ppm","32","Garinger High School","17","100.0000","44201","Ozone","16740","Charlotte-Concord-Gastonia, NC-SC","37","North Carolina","119","Mecklenburg","35.2401000008895","-80.785683"
"10/24/2013","AQS","371190041","1","0.033","ppm","31","Garinger High School","17","100.0000","44201","Ozone","16740","Charlotte-Concord-Gastonia, NC-SC","37","North Carolina","119","Mecklenburg","35.2401000008895","-80.785683"
"10/25/2013","AQS","371190041","1","0.029","ppm","27","Garinger High School","17","100.0000","44201","Ozone","16740","Charlotte-Concord-Gastonia, NC-SC","37","North Carolina","119","Mecklenburg","35.2401000008895","-80.785683"
"10/26/2013","AQS","371190041","1","0.036","ppm","33","Garinger High School","17","100.0000","44201","Ozone","16740","Charlotte-Concord-Gastonia, NC-SC","37","North Carolina","119","Mecklenburg","35.2401000008895","-80.785683"
"10/27/2013","AQS","371190041","1","0.043","ppm","40","Garinger High School","17","100.0000","44201","Ozone","16740","Charlotte-Concord-Gastonia, NC-SC","37","North Carolina","119","Mecklenburg","35.2401000008895","-80.785683"
"10/28/2013","AQS","371190041","1","0.016","ppm","15","Garinger High School","17","100.0000","44201","Ozone","16740","Charlotte-Concord-Gastonia, NC-SC","37","North Carolina","119","Mecklenburg","35.2401000008895","-80.785683"
"10/29/2013","AQS","371190041","1","0.043","ppm","40","Garinger High School","17","100.0000","44201","Ozone","16740","Charlotte-Concord-Gastonia, NC-SC","37","North Carolina","119","Mecklenburg","35.2401000008895","-80.785683"
"10/30/2013","AQS","371190041","1","0.042","ppm","39","Garinger High School","17","100.0000","44201","Ozone","16740","Charlotte-Concord-Gastonia, NC-SC","37","North Carolina","119","Mecklenburg","35.2401000008895","-80.785683"
"10/31/2013","AQS","371190041","1","0.039","ppm","36","Garinger High School","17","100.0000","44201","Ozone","16740","Charlotte-Concord-Gastonia, NC-SC","37","North Carolina","119","Mecklenburg","35.2401000008895","-80.785683"
"11/01/2013","AQS","371190041","1","0.025","ppm","23","Garinger High School","17","100.0000","44201","Ozone","16740","Charlotte-Concord-Gastonia, NC-SC","37","North Carolina","119","Mecklenburg","35.2401000008895","-80.785683"
"11/02/2013","AQS","371190041","1","0.034","ppm","31","Garinger High School","17","100.0000","44201","Ozone","16740","Charlotte-Concord-Gastonia, NC-SC","37","North Carolina","119","Mecklenburg","35.2401000008895","-80.785683"
"11/03/2013","AQS","371190041","1","0.035","ppm","32","Garinger High School","17","100.0000","44201","Ozone","16740","Charlotte-Concord-Gastonia, NC-SC","37","North Carolina","119","Mecklenburg","35.2401000008895","-80.785683"
"11/04/2013","AQS","371190041","1","0.035","ppm","32","Garinger High School","17","100.0000","44201","Ozone","16740","Charlotte-Concord-Gastonia, NC-SC","37","North Carolina","119","Mecklenburg","35.2401000008895","-80.785683"
"11/05/2013","AQS","371190041","1","0.026","ppm","24","Garinger High School","17","100.0000","44201","Ozone","16740","Charlotte-Concord-Gastonia, NC-SC","37","North Carolina","119","Mecklenburg","35.2401000008895","-80.785683"
"11/06/2013","AQS","371190041","1","0.034","ppm","31","Garinger High School","17","100.0000","44201","Ozone","16740","Charlotte-Concord-Gastonia, NC-SC","37","North Carolina","119","Mecklenburg","35.2401000008895","-80.785683"
"11/07/2013","AQS","371190041","1","0.026","ppm","24","Garinger High School","17","100.0000","44201","Ozone","16740","Charlotte-Concord-Gastonia, NC-SC","37","North Carolina","119","Mecklenburg","35.2401000008895","-80.785683"
"11/08/2013","AQS","371190041","1","0.036","ppm","33","Garinger High School","17","100.0000","44201","Ozone","16740","Charlotte-Concord-Gastonia, NC-SC","37","North Carolina","119","Mecklenburg","35.2401000008895","-80.785683"
"11/09/2013","AQS","371190041","1","0.037","ppm","34","Garinger High School","17","100.0000","44201","Ozone","16740","Charlotte-Concord-Gastonia, NC-SC","37","North Carolina","119","Mecklenburg","35.2401000008895","-80.785683"
"11/10/2013","AQS","371190041","1","0.041","ppm","38","Garinger High School","17","100.0000","44201","Ozone","16740","Charlotte-Concord-Gastonia, NC-SC","37","North Carolina","119","Mecklenburg","35.2401000008895","-80.785683"
"11/11/2013","AQS","371190041","1","0.037","ppm","34","Garinger High School","17","100.0000","44201","Ozone","16740","Charlotte-Concord-Gastonia, NC-SC","37","North Carolina","119","Mecklenburg","35.2401000008895","-80.785683"
"11/12/2013","AQS","371190041","1","0.025","ppm","23","Garinger High School","17","100.0000","44201","Ozone","16740","Charlotte-Concord-Gastonia, NC-SC","37","North Carolina","119","Mecklenburg","35.2401000008895","-80.785683"
"11/13/2013","AQS","371190041","1","0.03","ppm","28","Garinger High School","17","100.0000","44201","Ozone","16740","Charlotte-Concord-Gastonia, NC-SC","37","North Carolina","119","Mecklenburg","35.2401000008895","-80.785683"
"11/14/2013","AQS","371190041","1","0.034","ppm","31","Garinger High School","17","100.0000","44201","Ozone","16740","Charlotte-Concord-Gastonia, NC-SC","37","North Carolina","119","Mecklenburg","35.2401000008895","-80.785683"
"11/15/2013","AQS","371190041","1","0.026","ppm","24","Garinger High School","17","100.0000","44201","Ozone","16740","Charlotte-Concord-Gastonia, NC-SC","37","North Carolina","119","Mecklenburg","35.2401000008895","-80.785683"
"11/16/2013","AQS","371190041","1","0.03","ppm","28","Garinger High School","17","100.0000","44201","Ozone","16740","Charlotte-Concord-Gastonia, NC-SC","37","North Carolina","119","Mecklenburg","35.2401000008895","-80.785683"
"11/17/2013","AQS","371190041","1","0.025","ppm","23","Garinger High School","17","100.0000","44201","Ozone","16740","Charlotte-Concord-Gastonia, NC-SC","37","North Carolina","119","Mecklenburg","35.2401000008895","-80.785683"
"11/18/2013","AQS","371190041","1","0.038","ppm","35","Garinger High School","17","100.0000","44201","Ozone","16740","Charlotte-Concord-Gastonia, NC-SC","37","North Carolina","119","Mecklenburg","35.2401000008895","-80.785683"
"11/19/2013","AQS","371190041","1","0.032","ppm","30","Garinger High School","17","100.0000","44201","Ozone","16740","Charlotte-Concord-Gastonia, NC-SC","37","North Carolina","119","Mecklenburg","35.2401000008895","-80.785683"
"11/20/2013","AQS","371190041","1","0.031","ppm","29","Garinger High School","17","100.0000","44201","Ozone","16740","Charlotte-Concord-Gastonia, NC-SC","37","North Carolina","119","Mecklenburg","35.2401000008895","-80.785683"
"11/21/2013","AQS","371190041","1","0.023","ppm","21","Garinger High School","17","100.0000","44201","Ozone","16740","Charlotte-Concord-Gastonia, NC-SC","37","North Carolina","119","Mecklenburg","35.2401000008895","-80.785683"
"11/22/2013","AQS","371190041","1","0.026","ppm","24","Garinger High School","17","100.0000","44201","Ozone","16740","Charlotte-Concord-Gastonia, NC-SC","37","North Carolina","119","Mecklenburg","35.2401000008895","-80.785683"
"11/23/2013","AQS","371190041","1","0.029","ppm","27","Garinger High School","17","100.0000","44201","Ozone","16740","Charlotte-Concord-Gastonia, NC-SC","37","North Carolina","119","Mecklenburg","35.2401000008895","-80.785683"
"11/24/2013","AQS","371190041","1","0.035","ppm","32","Garinger High School","17","100.0000","44201","Ozone","16740","Charlotte-Concord-Gastonia, NC-SC","37","North Carolina","119","Mecklenburg","35.2401000008895","-80.785683"
"11/25/2013","AQS","371190041","1","0.032","ppm","30","Garinger High School","17","100.0000","44201","Ozone","16740","Charlotte-Concord-Gastonia, NC-SC","37","North Carolina","119","Mecklenburg","35.2401000008895","-80.785683"
"11/26/2013","AQS","371190041","1","0.015","ppm","14","Garinger High School","17","100.0000","44201","Ozone","16740","Charlotte-Concord-Gastonia, NC-SC","37","North Carolina","119","Mecklenburg","35.2401000008895","-80.785683"
"11/27/2013","AQS","371190041","1","0.021","ppm","19","Garinger High School","17","100.0000","44201","Ozone","16740","Charlotte-Concord-Gastonia, NC-SC","37","North Carolina","119","Mecklenburg","35.2401000008895","-80.785683"
"11/28/2013","AQS","371190041","1","0.023","ppm","21","Garinger High School","17","100.0000","44201","Ozone","16740","Charlotte-Concord-Gastonia, NC-SC","37","North Carolina","119","Mecklenburg","35.2401000008895","-80.785683"
"11/29/2013","AQS","371190041","1","0.031","ppm","29","Garinger High School","17","100.0000","44201","Ozone","16740","Charlotte-Concord-Gastonia, NC-SC","37","North Carolina","119","Mecklenburg","35.2401000008895","-80.785683"
"11/30/2013","AQS","371190041","1","0.028","ppm","26","Garinger High School","17","100.0000","44201","Ozone","16740","Charlotte-Concord-Gastonia, NC-SC","37","North Carolina","119","Mecklenburg","35.2401000008895","-80.785683"
"12/01/2013","AQS","371190041","1","0.03","ppm","28","Garinger High School","17","100.0000","44201","Ozone","16740","Charlotte-Concord-Gastonia, NC-SC","37","North Carolina","119","Mecklenburg","35.2401000008895","-80.785683"
"12/02/2013","AQS","371190041","1","0.026","ppm","24","Garinger High School","17","100.0000","44201","Ozone","16740","Charlotte-Concord-Gastonia, NC-SC","37","North Carolina","119","Mecklenburg","35.2401000008895","-80.785683"
"12/03/2013","AQS","371190041","1","0.029","ppm","27","Garinger High School","17","100.0000","44201","Ozone","16740","Charlotte-Concord-Gastonia, NC-SC","37","North Carolina","119","Mecklenburg","35.2401000008895","-80.785683"
"12/04/2013","AQS","371190041","1","0.019","ppm","18","Garinger High School","17","100.0000","44201","Ozone","16740","Charlotte-Concord-Gastonia, NC-SC","37","North Carolina","119","Mecklenburg","35.2401000008895","-80.785683"
"12/05/2013","AQS","371190041","1","0.018","ppm","17","Garinger High School","17","100.0000","44201","Ozone","16740","Charlotte-Concord-Gastonia, NC-SC","37","North Carolina","119","Mecklenburg","35.2401000008895","-80.785683"
"12/06/2013","AQS","371190041","1","0.033","ppm","31","Garinger High School","17","100.0000","44201","Ozone","16740","Charlotte-Concord-Gastonia, NC-SC","37","North Carolina","119","Mecklenburg","35.2401000008895","-80.785683"
"12/07/2013","AQS","371190041","1","0.023","ppm","21","Garinger High School","17","100.0000","44201","Ozone","16740","Charlotte-Concord-Gastonia, NC-SC","37","North Carolina","119","Mecklenburg","35.2401000008895","-80.785683"
"12/08/2013","AQS","371190041","1","0.023","ppm","21","Garinger High School","17","100.0000","44201","Ozone","16740","Charlotte-Concord-Gastonia, NC-SC","37","North Carolina","119","Mecklenburg","35.2401000008895","-80.785683"
"12/10/2013","AQS","371190041","1","0.024","ppm","22","Garinger High School","17","100.0000","44201","Ozone","16740","Charlotte-Concord-Gastonia, NC-SC","37","North Carolina","119","Mecklenburg","35.2401000008895","-80.785683"
"12/11/2013","AQS","371190041","1","0.026","ppm","24","Garinger High School","17","100.0000","44201","Ozone","16740","Charlotte-Concord-Gastonia, NC-SC","37","North Carolina","119","Mecklenburg","35.2401000008895","-80.785683"
"12/12/2013","AQS","371190041","1","0.034","ppm","31","Garinger High School","17","100.0000","44201","Ozone","16740","Charlotte-Concord-Gastonia, NC-SC","37","North Carolina","119","Mecklenburg","35.2401000008895","-80.785683"
"12/13/2013","AQS","371190041","1","0.03","ppm","28","Garinger High School","17","100.0000","44201","Ozone","16740","Charlotte-Concord-Gastonia, NC-SC","37","North Carolina","119","Mecklenburg","35.2401000008895","-80.785683"
"12/14/2013","AQS","371190041","1","0.026","ppm","24","Garinger High School","17","100.0000","44201","Ozone","16740","Charlotte-Concord-Gastonia, NC-SC","37","North Carolina","119","Mecklenburg","35.2401000008895","-80.785683"
"12/15/2013","AQS","371190041","1","0.033","ppm","31","Garinger High School","17","100.0000","44201","Ozone","16740","Charlotte-Concord-Gastonia, NC-SC","37","North Carolina","119","Mecklenburg","35.2401000008895","-80.785683"
"12/16/2013","AQS","371190041","1","0.026","ppm","24","Garinger High School","17","100.0000","44201","Ozone","16740","Charlotte-Concord-Gastonia, NC-SC","37","North Carolina","119","Mecklenburg","35.2401000008895","-80.785683"
"12/17/2013","AQS","371190041","1","0.036","ppm","33","Garinger High School","17","100.0000","44201","Ozone","16740","Charlotte-Concord-Gastonia, NC-SC","37","North Carolina","119","Mecklenburg","35.2401000008895","-80.785683"
"12/18/2013","AQS","371190041","1","0.034","ppm","31","Garinger High School","17","100.0000","44201","Ozone","16740","Charlotte-Concord-Gastonia, NC-SC","37","North Carolina","119","Mecklenburg","35.2401000008895","-80.785683"
"12/19/2013","AQS","371190041","1","0.035","ppm","32","Garinger High School","17","100.0000","44201","Ozone","16740","Charlotte-Concord-Gastonia, NC-SC","37","North Carolina","119","Mecklenburg","35.2401000008895","-80.785683"
"12/20/2013","AQS","371190041","1","0.038","ppm","35","Garinger High School","17","100.0000","44201","Ozone","16740","Charlotte-Concord-Gastonia, NC-SC","37","North Carolina","119","Mecklenburg","35.2401000008895","-80.785683"
"12/21/2013","AQS","371190041","1","0.032","ppm","30","Garinger High School","17","100.0000","44201","Ozone","16740","Charlotte-Concord-Gastonia, NC-SC","37","North Carolina","119","Mecklenburg","35.2401000008895","-80.785683"
"12/22/2013","AQS","371190041","1","0.028","ppm","26","Garinger High School","17","100.0000","44201","Ozone","16740","Charlotte-Concord-Gastonia, NC-SC","37","North Carolina","119","Mecklenburg","35.2401000008895","-80.785683"
"12/23/2013","AQS","371190041","1","0.026","ppm","24","Garinger High School","17","100.0000","44201","Ozone","16740","Charlotte-Concord-Gastonia, NC-SC","37","North Carolina","119","Mecklenburg","35.2401000008895","-80.785683"
"12/24/2013","AQS","371190041","1","0.032","ppm","30","Garinger High School","17","100.0000","44201","Ozone","16740","Charlotte-Concord-Gastonia, NC-SC","37","North Carolina","119","Mecklenburg","35.2401000008895","-80.785683"
"12/25/2013","AQS","371190041","1","0.035","ppm","32","Garinger High School","17","100.0000","44201","Ozone","16740","Charlotte-Concord-Gastonia, NC-SC","37","North Carolina","119","Mecklenburg","35.2401000008895","-80.785683"
"12/26/2013","AQS","371190041","1","0.03","ppm","28","Garinger High School","17","100.0000","44201","Ozone","16740","Charlotte-Concord-Gastonia, NC-SC","37","North Carolina","119","Mecklenburg","35.2401000008895","-80.785683"
"12/27/2013","AQS","371190041","1","0.032","ppm","30","Garinger High School","17","100.0000","44201","Ozone","16740","Charlotte-Concord-Gastonia, NC-SC","37","North Carolina","119","Mecklenburg","35.2401000008895","-80.785683"
"12/28/2013","AQS","371190041","1","0.022","ppm","20","Garinger High School","17","100.0000","44201","Ozone","16740","Charlotte-Concord-Gastonia, NC-SC","37","North Carolina","119","Mecklenburg","35.2401000008895","-80.785683"
"12/29/2013","AQS","371190041","1","0.026","ppm","24","Garinger High School","17","100.0000","44201","Ozone","16740","Charlotte-Concord-Gastonia, NC-SC","37","North Carolina","119","Mecklenburg","35.2401000008895","-80.785683"
"12/30/2013","AQS","371190041","1","0.02","ppm","19","Garinger High School","17","100.0000","44201","Ozone","16740","Charlotte-Concord-Gastonia, NC-SC","37","North Carolina","119","Mecklenburg","35.2401000008895","-80.785683"
