Rainfall - (MM), Year, Statistics, Country, ISO3
240.391, 1901, Jan Average, Brazil, BRA
226.274, 1901, Feb Average, Brazil, BRA
244.896, 1901, Mar Average, Brazil, BRA
166.048, 1901, Apr Average, Brazil, BRA
116.498, 1901, May Average, Brazil, BRA
70.3015, 1901, Jun Average, Brazil, BRA
74.5512, 1901, Jul Average, Brazil, BRA
57.8929, 1901, Aug Average, Brazil, BRA
76.5972, 1901, Sep Average, Brazil, BRA
110.708, 1901, Oct Average, Brazil, BRA
145.182, 1901, Nov Average, Brazil, BRA
216.397, 1901, Dec Average, Brazil, BRA
206.126, 1902, Jan Average, Brazil, BRA
211.3, 1902, Feb Average, Brazil, BRA
249.547, 1902, Mar Average, Brazil, BRA
164.292, 1902, Apr Average, Brazil, BRA
115.409, 1902, May Average, Brazil, BRA
69.7362, 1902, Jun Average, Brazil, BRA
57.318, 1902, Jul Average, Brazil, BRA
75.8321, 1902, Aug Average, Brazil, BRA
75.9481, 1902, Sep Average, Brazil, BRA
128.814, 1902, Oct Average, Brazil, BRA
163.793, 1902, Nov Average, Brazil, BRA
215.537, 1902, Dec Average, Brazil, BRA
223.894, 1903, Jan Average, Brazil, BRA
213.082, 1903, Feb Average, Brazil, BRA
216.95, 1903, Mar Average, Brazil, BRA
159.057, 1903, Apr Average, Brazil, BRA
120.844, 1903, May Average, Brazil, BRA
70.7127, 1903, Jun Average, Brazil, BRA
55.2953, 1903, Jul Average, Brazil, BRA
53.3539, 1903, Aug Average, Brazil, BRA
73.8025, 1903, Sep Average, Brazil, BRA
129.274, 1903, Oct Average, Brazil, BRA
149.065, 1903, Nov Average, Brazil, BRA
206.74, 1903, Dec Average, Brazil, BRA
235.232, 1904, Jan Average, Brazil, BRA
208.846, 1904, Feb Average, Brazil, BRA
210.442, 1904, Mar Average, Brazil, BRA
162.449, 1904, Apr Average, Brazil, BRA
118.025, 1904, May Average, Brazil, BRA
71.697, 1904, Jun Average, Brazil, BRA
61.0455, 1904, Jul Average, Brazil, BRA
56.9177, 1904, Aug Average, Brazil, BRA
75.0692, 1904, Sep Average, Brazil, BRA
147.344, 1904, Oct Average, Brazil, BRA
135.887, 1904, Nov Average, Brazil, BRA
186.605, 1904, Dec Average, Brazil, BRA
221.942, 1905, Jan Average, Brazil, BRA
214.546, 1905, Feb Average, Brazil, BRA
245.192, 1905, Mar Average, Brazil, BRA
160.88, 1905, Apr Average, Brazil, BRA
134.635, 1905, May Average, Brazil, BRA
71.1695, 1905, Jun Average, Brazil, BRA
62.4171, 1905, Jul Average, Brazil, BRA
62.4121, 1905, Aug Average, Brazil, BRA
81.4831, 1905, Sep Average, Brazil, BRA
127.434, 1905, Oct Average, Brazil, BRA
147.1, 1905, Nov Average, Brazil, BRA
206.148, 1905, Dec Average, Brazil, BRA
226.076, 1906, Jan Average, Brazil, BRA
205.526, 1906, Feb Average, Brazil, BRA
219.364, 1906, Mar Average, Brazil, BRA
174.837, 1906, Apr Average, Brazil, BRA
121.512, 1906, May Average, Brazil, BRA
71.5074, 1906, Jun Average, Brazil, BRA
52.2007, 1906, Jul Average, Brazil, BRA
51.0689, 1906, Aug Average, Brazil, BRA
67.1818, 1906, Sep Average, Brazil, BRA
107.691, 1906, Oct Average, Brazil, BRA
130.182, 1906, Nov Average, Brazil, BRA
193.051, 1906, Dec Average, Brazil, BRA
200.984, 1907, Jan Average, Brazil, BRA
199.051, 1907, Feb Average, Brazil, BRA
214.251, 1907, Mar Average, Brazil, BRA
180.503, 1907, Apr Average, Brazil, BRA
120.52, 1907, May Average, Brazil, BRA
71.4952, 1907, Jun Average, Brazil, BRA
61.1454, 1907, Jul Average, Brazil, BRA
62.2428, 1907, Aug Average, Brazil, BRA
74.9981, 1907, Sep Average, Brazil, BRA
107.954, 1907, Oct Average, Brazil, BRA
158.3, 1907, Nov Average, Brazil, BRA
203.002, 1907, Dec Average, Brazil, BRA
228.916, 1908, Jan Average, Brazil, BRA
207.258, 1908, Feb Average, Brazil, BRA
207.706, 1908, Mar Average, Brazil, BRA
180.941, 1908, Apr Average, Brazil, BRA
127.514, 1908, May Average, Brazil, BRA
70.5804, 1908, Jun Average, Brazil, BRA
59.9791, 1908, Jul Average, Brazil, BRA
47.3733, 1908, Aug Average, Brazil, BRA
66.9849, 1908, Sep Average, Brazil, BRA
133.044, 1908, Oct Average, Brazil, BRA
171.793, 1908, Nov Average, Brazil, BRA
180.784, 1908, Dec Average, Brazil, BRA
222.714, 1909, Jan Average, Brazil, BRA
214.449, 1909, Feb Average, Brazil, BRA
230.466, 1909, Mar Average, Brazil, BRA
173.491, 1909, Apr Average, Brazil, BRA
123.976, 1909, May Average, Brazil, BRA
79.4028, 1909, Jun Average, Brazil, BRA
59.3003, 1909, Jul Average, Brazil, BRA
53.9349, 1909, Aug Average, Brazil, BRA
72.9145, 1909, Sep Average, Brazil, BRA
116.739, 1909, Oct Average, Brazil, BRA
139.099, 1909, Nov Average, Brazil, BRA
196.935, 1909, Dec Average, Brazil, BRA
209.399, 1910, Jan Average, Brazil, BRA
208.924, 1910, Feb Average, Brazil, BRA
234.015, 1910, Mar Average, Brazil, BRA
175.928, 1910, Apr Average, Brazil, BRA
117.047, 1910, May Average, Brazil, BRA
77.0691, 1910, Jun Average, Brazil, BRA
63.148, 1910, Jul Average, Brazil, BRA
47.2741, 1910, Aug Average, Brazil, BRA
70.5156, 1910, Sep Average, Brazil, BRA
131.284, 1910, Oct Average, Brazil, BRA
147.91, 1910, Nov Average, Brazil, BRA
194.09, 1910, Dec Average, Brazil, BRA
202.558, 1911, Jan Average, Brazil, BRA
189.978, 1911, Feb Average, Brazil, BRA
267.141, 1911, Mar Average, Brazil, BRA
148.06, 1911, Apr Average, Brazil, BRA
109.886, 1911, May Average, Brazil, BRA
79.5623, 1911, Jun Average, Brazil, BRA
60.2925, 1911, Jul Average, Brazil, BRA
58.0774, 1911, Aug Average, Brazil, BRA
91.172, 1911, Sep Average, Brazil, BRA
118.678, 1911, Oct Average, Brazil, BRA
146.008, 1911, Nov Average, Brazil, BRA
195.55, 1911, Dec Average, Brazil, BRA
231.64, 1912, Jan Average, Brazil, BRA
233.412, 1912, Feb Average, Brazil, BRA
253.137, 1912, Mar Average, Brazil, BRA
174.515, 1912, Apr Average, Brazil, BRA
122.783, 1912, May Average, Brazil, BRA
81.9993, 1912, Jun Average, Brazil, BRA
54.0289, 1912, Jul Average, Brazil, BRA
51.8981, 1912, Aug Average, Brazil, BRA
90.5624, 1912, Sep Average, Brazil, BRA
124.447, 1912, Oct Average, Brazil, BRA
151.332, 1912, Nov Average, Brazil, BRA
189.899, 1912, Dec Average, Brazil, BRA
226.385, 1913, Jan Average, Brazil, BRA
226.744, 1913, Feb Average, Brazil, BRA
234.652, 1913, Mar Average, Brazil, BRA
185.718, 1913, Apr Average, Brazil, BRA
132.876, 1913, May Average, Brazil, BRA
71.8556, 1913, Jun Average, Brazil, BRA
57.4594, 1913, Jul Average, Brazil, BRA
60.9401, 1913, Aug Average, Brazil, BRA
86.5036, 1913, Sep Average, Brazil, BRA
108.143, 1913, Oct Average, Brazil, BRA
157.919, 1913, Nov Average, Brazil, BRA
179.005, 1913, Dec Average, Brazil, BRA
265.751, 1914, Jan Average, Brazil, BRA
181.877, 1914, Feb Average, Brazil, BRA
190.964, 1914, Mar Average, Brazil, BRA
156.9, 1914, Apr Average, Brazil, BRA
101.266, 1914, May Average, Brazil, BRA
85.6471, 1914, Jun Average, Brazil, BRA
68.7375, 1914, Jul Average, Brazil, BRA
66.2003, 1914, Aug Average, Brazil, BRA
61.4768, 1914, Sep Average, Brazil, BRA
127.118, 1914, Oct Average, Brazil, BRA
131.282, 1914, Nov Average, Brazil, BRA
189.763, 1914, Dec Average, Brazil, BRA
176.747, 1915, Jan Average, Brazil, BRA
138.17, 1915, Feb Average, Brazil, BRA
203.326, 1915, Mar Average, Brazil, BRA
147.102, 1915, Apr Average, Brazil, BRA
110.553, 1915, May Average, Brazil, BRA
78.4146, 1915, Jun Average, Brazil, BRA
57.888, 1915, Jul Average, Brazil, BRA
55.4169, 1915, Aug Average, Brazil, BRA
56.7674, 1915, Sep Average, Brazil, BRA
110.777, 1915, Oct Average, Brazil, BRA
130.66, 1915, Nov Average, Brazil, BRA
208.636, 1915, Dec Average, Brazil, BRA
188.523, 1916, Jan Average, Brazil, BRA
229.403, 1916, Feb Average, Brazil, BRA
245.671, 1916, Mar Average, Brazil, BRA
184.776, 1916, Apr Average, Brazil, BRA
126.026, 1916, May Average, Brazil, BRA
78.3744, 1916, Jun Average, Brazil, BRA
45.6794, 1916, Jul Average, Brazil, BRA
42.2156, 1916, Aug Average, Brazil, BRA
52.1466, 1916, Sep Average, Brazil, BRA
121.301, 1916, Oct Average, Brazil, BRA
178.537, 1916, Nov Average, Brazil, BRA
245.867, 1916, Dec Average, Brazil, BRA
255.405, 1917, Jan Average, Brazil, BRA
242.683, 1917, Feb Average, Brazil, BRA
244.916, 1917, Mar Average, Brazil, BRA
170.824, 1917, Apr Average, Brazil, BRA
134.327, 1917, May Average, Brazil, BRA
82.6076, 1917, Jun Average, Brazil, BRA
55.8038, 1917, Jul Average, Brazil, BRA
47.6675, 1917, Aug Average, Brazil, BRA
64.7232, 1917, Sep Average, Brazil, BRA
108.882, 1917, Oct Average, Brazil, BRA
149.349, 1917, Nov Average, Brazil, BRA
207.036, 1917, Dec Average, Brazil, BRA
225.31, 1918, Jan Average, Brazil, BRA
179.797, 1918, Feb Average, Brazil, BRA
224.919, 1918, Mar Average, Brazil, BRA
192.701, 1918, Apr Average, Brazil, BRA
144.429, 1918, May Average, Brazil, BRA
68.6149, 1918, Jun Average, Brazil, BRA
74.5949, 1918, Jul Average, Brazil, BRA
53.5085, 1918, Aug Average, Brazil, BRA
71.0717, 1918, Sep Average, Brazil, BRA
155.443, 1918, Oct Average, Brazil, BRA
161.531, 1918, Nov Average, Brazil, BRA
197.412, 1918, Dec Average, Brazil, BRA
229.846, 1919, Jan Average, Brazil, BRA
235.117, 1919, Feb Average, Brazil, BRA
224.849, 1919, Mar Average, Brazil, BRA
137.038, 1919, Apr Average, Brazil, BRA
112.5, 1919, May Average, Brazil, BRA
86.6824, 1919, Jun Average, Brazil, BRA
53.4099, 1919, Jul Average, Brazil, BRA
69.4524, 1919, Aug Average, Brazil, BRA
80.3069, 1919, Sep Average, Brazil, BRA
131.122, 1919, Oct Average, Brazil, BRA
143.003, 1919, Nov Average, Brazil, BRA
175.528, 1919, Dec Average, Brazil, BRA
206.32, 1920, Jan Average, Brazil, BRA
193.717, 1920, Feb Average, Brazil, BRA
245.763, 1920, Mar Average, Brazil, BRA
192.525, 1920, Apr Average, Brazil, BRA
132.829, 1920, May Average, Brazil, BRA
87.41, 1920, Jun Average, Brazil, BRA
81.3187, 1920, Jul Average, Brazil, BRA
64.3731, 1920, Aug Average, Brazil, BRA
96.1181, 1920, Sep Average, Brazil, BRA
115.493, 1920, Oct Average, Brazil, BRA
141.041, 1920, Nov Average, Brazil, BRA
200.829, 1920, Dec Average, Brazil, BRA
209.032, 1921, Jan Average, Brazil, BRA
218.231, 1921, Feb Average, Brazil, BRA
213.656, 1921, Mar Average, Brazil, BRA
182.11, 1921, Apr Average, Brazil, BRA
131.442, 1921, May Average, Brazil, BRA
94.9689, 1921, Jun Average, Brazil, BRA
74.1102, 1921, Jul Average, Brazil, BRA
44.1725, 1921, Aug Average, Brazil, BRA
78.38, 1921, Sep Average, Brazil, BRA
159.604, 1921, Oct Average, Brazil, BRA
200.851, 1921, Nov Average, Brazil, BRA
192.18, 1921, Dec Average, Brazil, BRA
230.905, 1922, Jan Average, Brazil, BRA
229.383, 1922, Feb Average, Brazil, BRA
228.978, 1922, Mar Average, Brazil, BRA
179.225, 1922, Apr Average, Brazil, BRA
137.241, 1922, May Average, Brazil, BRA
86.1152, 1922, Jun Average, Brazil, BRA
62.1934, 1922, Jul Average, Brazil, BRA
65.548, 1922, Aug Average, Brazil, BRA
65.7566, 1922, Sep Average, Brazil, BRA
128.107, 1922, Oct Average, Brazil, BRA
175.065, 1922, Nov Average, Brazil, BRA
180.966, 1922, Dec Average, Brazil, BRA
222.927, 1923, Jan Average, Brazil, BRA
246.092, 1923, Feb Average, Brazil, BRA
225.177, 1923, Mar Average, Brazil, BRA
174.908, 1923, Apr Average, Brazil, BRA
138.158, 1923, May Average, Brazil, BRA
89.01, 1923, Jun Average, Brazil, BRA
51.8811, 1923, Jul Average, Brazil, BRA
52.684, 1923, Aug Average, Brazil, BRA
88.5702, 1923, Sep Average, Brazil, BRA
126.495, 1923, Oct Average, Brazil, BRA
130.915, 1923, Nov Average, Brazil, BRA
157.391, 1923, Dec Average, Brazil, BRA
261.757, 1924, Jan Average, Brazil, BRA
242.889, 1924, Feb Average, Brazil, BRA
314.393, 1924, Mar Average, Brazil, BRA
193.386, 1924, Apr Average, Brazil, BRA
156.542, 1924, May Average, Brazil, BRA
101.037, 1924, Jun Average, Brazil, BRA
53.0257, 1924, Jul Average, Brazil, BRA
33.8592, 1924, Aug Average, Brazil, BRA
63.0821, 1924, Sep Average, Brazil, BRA
134.45, 1924, Oct Average, Brazil, BRA
160.941, 1924, Nov Average, Brazil, BRA
251.6, 1924, Dec Average, Brazil, BRA
215.652, 1925, Jan Average, Brazil, BRA
180.505, 1925, Feb Average, Brazil, BRA
226.56, 1925, Mar Average, Brazil, BRA
166.271, 1925, Apr Average, Brazil, BRA
119.738, 1925, May Average, Brazil, BRA
75.6494, 1925, Jun Average, Brazil, BRA
68.2437, 1925, Jul Average, Brazil, BRA
43.8623, 1925, Aug Average, Brazil, BRA
91.1499, 1925, Sep Average, Brazil, BRA
132.968, 1925, Oct Average, Brazil, BRA
136.112, 1925, Nov Average, Brazil, BRA
223.695, 1925, Dec Average, Brazil, BRA
244.5, 1926, Jan Average, Brazil, BRA
244.273, 1926, Feb Average, Brazil, BRA
269.104, 1926, Mar Average, Brazil, BRA
189.612, 1926, Apr Average, Brazil, BRA
129.325, 1926, May Average, Brazil, BRA
66.8298, 1926, Jun Average, Brazil, BRA
53.1789, 1926, Jul Average, Brazil, BRA
48.2326, 1926, Aug Average, Brazil, BRA
64.5163, 1926, Sep Average, Brazil, BRA
101.966, 1926, Oct Average, Brazil, BRA
146.622, 1926, Nov Average, Brazil, BRA
203.844, 1926, Dec Average, Brazil, BRA
206.395, 1927, Jan Average, Brazil, BRA
244.035, 1927, Feb Average, Brazil, BRA
227.439, 1927, Mar Average, Brazil, BRA
173.26, 1927, Apr Average, Brazil, BRA
133.182, 1927, May Average, Brazil, BRA
86.7883, 1927, Jun Average, Brazil, BRA
53.6936, 1927, Jul Average, Brazil, BRA
62.1755, 1927, Aug Average, Brazil, BRA
73.5973, 1927, Sep Average, Brazil, BRA
124.184, 1927, Oct Average, Brazil, BRA
138.013, 1927, Nov Average, Brazil, BRA
188.752, 1927, Dec Average, Brazil, BRA
264.42, 1928, Jan Average, Brazil, BRA
208.675, 1928, Feb Average, Brazil, BRA
246.12, 1928, Mar Average, Brazil, BRA
190.631, 1928, Apr Average, Brazil, BRA
102.862, 1928, May Average, Brazil, BRA
64.0134, 1928, Jun Average, Brazil, BRA
60.2498, 1928, Jul Average, Brazil, BRA
44.1117, 1928, Aug Average, Brazil, BRA
86.1042, 1928, Sep Average, Brazil, BRA
100.754, 1928, Oct Average, Brazil, BRA
160.754, 1928, Nov Average, Brazil, BRA
198.606, 1928, Dec Average, Brazil, BRA
242.773, 1929, Jan Average, Brazil, BRA
225.196, 1929, Feb Average, Brazil, BRA
252.408, 1929, Mar Average, Brazil, BRA
177.839, 1929, Apr Average, Brazil, BRA
150.64, 1929, May Average, Brazil, BRA
81.9698, 1929, Jun Average, Brazil, BRA
56.435, 1929, Jul Average, Brazil, BRA
62.9501, 1929, Aug Average, Brazil, BRA
78.8124, 1929, Sep Average, Brazil, BRA
106.679, 1929, Oct Average, Brazil, BRA
142.781, 1929, Nov Average, Brazil, BRA
238.119, 1929, Dec Average, Brazil, BRA
208.239, 1930, Jan Average, Brazil, BRA
196.493, 1930, Feb Average, Brazil, BRA
237.285, 1930, Mar Average, Brazil, BRA
153.282, 1930, Apr Average, Brazil, BRA
102.312, 1930, May Average, Brazil, BRA
74.8993, 1930, Jun Average, Brazil, BRA
48.704, 1930, Jul Average, Brazil, BRA
42.9423, 1930, Aug Average, Brazil, BRA
66.3445, 1930, Sep Average, Brazil, BRA
127.273, 1930, Oct Average, Brazil, BRA
163.349, 1930, Nov Average, Brazil, BRA
205.266, 1930, Dec Average, Brazil, BRA
184.535, 1931, Jan Average, Brazil, BRA
233.294, 1931, Feb Average, Brazil, BRA
269.597, 1931, Mar Average, Brazil, BRA
176.257, 1931, Apr Average, Brazil, BRA
125.011, 1931, May Average, Brazil, BRA
66.0687, 1931, Jun Average, Brazil, BRA
49.8196, 1931, Jul Average, Brazil, BRA
48.7713, 1931, Aug Average, Brazil, BRA
73.5941, 1931, Sep Average, Brazil, BRA
137.395, 1931, Oct Average, Brazil, BRA
154.007, 1931, Nov Average, Brazil, BRA
152.238, 1931, Dec Average, Brazil, BRA
238.207, 1932, Jan Average, Brazil, BRA
193.986, 1932, Feb Average, Brazil, BRA
214.626, 1932, Mar Average, Brazil, BRA
127.073, 1932, Apr Average, Brazil, BRA
108.404, 1932, May Average, Brazil, BRA
74.9334, 1932, Jun Average, Brazil, BRA
54.1782, 1932, Jul Average, Brazil, BRA
52.9186, 1932, Aug Average, Brazil, BRA
75.8461, 1932, Sep Average, Brazil, BRA
112.679, 1932, Oct Average, Brazil, BRA
144.327, 1932, Nov Average, Brazil, BRA
161.959, 1932, Dec Average, Brazil, BRA
215.288, 1933, Jan Average, Brazil, BRA
185.183, 1933, Feb Average, Brazil, BRA
232.277, 1933, Mar Average, Brazil, BRA
201.658, 1933, Apr Average, Brazil, BRA
91.8948, 1933, May Average, Brazil, BRA
65.6544, 1933, Jun Average, Brazil, BRA
60.1131, 1933, Jul Average, Brazil, BRA
43.5812, 1933, Aug Average, Brazil, BRA
70.4602, 1933, Sep Average, Brazil, BRA
130.466, 1933, Oct Average, Brazil, BRA
177.322, 1933, Nov Average, Brazil, BRA
202.528, 1933, Dec Average, Brazil, BRA
212.491, 1934, Jan Average, Brazil, BRA
243.138, 1934, Feb Average, Brazil, BRA
227.852, 1934, Mar Average, Brazil, BRA
203.107, 1934, Apr Average, Brazil, BRA
135.987, 1934, May Average, Brazil, BRA
80.6763, 1934, Jun Average, Brazil, BRA
53.6511, 1934, Jul Average, Brazil, BRA
55.4441, 1934, Aug Average, Brazil, BRA
76.8592, 1934, Sep Average, Brazil, BRA
129.84, 1934, Oct Average, Brazil, BRA
151.63, 1934, Nov Average, Brazil, BRA
228.81, 1934, Dec Average, Brazil, BRA
231.471, 1935, Jan Average, Brazil, BRA
208.347, 1935, Feb Average, Brazil, BRA
258.749, 1935, Mar Average, Brazil, BRA
199.855, 1935, Apr Average, Brazil, BRA
147.077, 1935, May Average, Brazil, BRA
82.8121, 1935, Jun Average, Brazil, BRA
55.9246, 1935, Jul Average, Brazil, BRA
57.8654, 1935, Aug Average, Brazil, BRA
72.2207, 1935, Sep Average, Brazil, BRA
116.51, 1935, Oct Average, Brazil, BRA
151.553, 1935, Nov Average, Brazil, BRA
188.576, 1935, Dec Average, Brazil, BRA
202.191, 1936, Jan Average, Brazil, BRA
261.048, 1936, Feb Average, Brazil, BRA
189.088, 1936, Mar Average, Brazil, BRA
168.976, 1936, Apr Average, Brazil, BRA
102.477, 1936, May Average, Brazil, BRA
64.5433, 1936, Jun Average, Brazil, BRA
48.5017, 1936, Jul Average, Brazil, BRA
49.2195, 1936, Aug Average, Brazil, BRA
69.6448, 1936, Sep Average, Brazil, BRA
113.462, 1936, Oct Average, Brazil, BRA
146.342, 1936, Nov Average, Brazil, BRA
182.904, 1936, Dec Average, Brazil, BRA
223.603, 1937, Jan Average, Brazil, BRA
203.879, 1937, Feb Average, Brazil, BRA
237.796, 1937, Mar Average, Brazil, BRA
197.878, 1937, Apr Average, Brazil, BRA
153.211, 1937, May Average, Brazil, BRA
80.538, 1937, Jun Average, Brazil, BRA
55.3746, 1937, Jul Average, Brazil, BRA
50.4485, 1937, Aug Average, Brazil, BRA
70.8892, 1937, Sep Average, Brazil, BRA
134.179, 1937, Oct Average, Brazil, BRA
149.741, 1937, Nov Average, Brazil, BRA
209.402, 1937, Dec Average, Brazil, BRA
213.008, 1938, Jan Average, Brazil, BRA
203.834, 1938, Feb Average, Brazil, BRA
211.132, 1938, Mar Average, Brazil, BRA
175.31, 1938, Apr Average, Brazil, BRA
125.902, 1938, May Average, Brazil, BRA
77.7161, 1938, Jun Average, Brazil, BRA
58.1984, 1938, Jul Average, Brazil, BRA
50.8804, 1938, Aug Average, Brazil, BRA
62.7858, 1938, Sep Average, Brazil, BRA
124.444, 1938, Oct Average, Brazil, BRA
142.897, 1938, Nov Average, Brazil, BRA
201.886, 1938, Dec Average, Brazil, BRA
210.883, 1939, Jan Average, Brazil, BRA
212.358, 1939, Feb Average, Brazil, BRA
229.563, 1939, Mar Average, Brazil, BRA
180.216, 1939, Apr Average, Brazil, BRA
131.553, 1939, May Average, Brazil, BRA
77.9529, 1939, Jun Average, Brazil, BRA
81.2306, 1939, Jul Average, Brazil, BRA
58.4966, 1939, Aug Average, Brazil, BRA
82.7779, 1939, Sep Average, Brazil, BRA
106.457, 1939, Oct Average, Brazil, BRA
159.921, 1939, Nov Average, Brazil, BRA
178.018, 1939, Dec Average, Brazil, BRA
243.57, 1940, Jan Average, Brazil, BRA
224.598, 1940, Feb Average, Brazil, BRA
249.438, 1940, Mar Average, Brazil, BRA
168.912, 1940, Apr Average, Brazil, BRA
141.351, 1940, May Average, Brazil, BRA
84.3487, 1940, Jun Average, Brazil, BRA
58.9415, 1940, Jul Average, Brazil, BRA
64.373, 1940, Aug Average, Brazil, BRA
82.6255, 1940, Sep Average, Brazil, BRA
111.872, 1940, Oct Average, Brazil, BRA
153.697, 1940, Nov Average, Brazil, BRA
180.925, 1940, Dec Average, Brazil, BRA
196.262, 1941, Jan Average, Brazil, BRA
219.692, 1941, Feb Average, Brazil, BRA
260.703, 1941, Mar Average, Brazil, BRA
157.175, 1941, Apr Average, Brazil, BRA
90.7142, 1941, May Average, Brazil, BRA
74.119, 1941, Jun Average, Brazil, BRA
59.6815, 1941, Jul Average, Brazil, BRA
59.1404, 1941, Aug Average, Brazil, BRA
82.1954, 1941, Sep Average, Brazil, BRA
124.126, 1941, Oct Average, Brazil, BRA
161.015, 1941, Nov Average, Brazil, BRA
178.336, 1941, Dec Average, Brazil, BRA
194.317, 1942, Jan Average, Brazil, BRA
222.985, 1942, Feb Average, Brazil, BRA
216.729, 1942, Mar Average, Brazil, BRA
167.7, 1942, Apr Average, Brazil, BRA
115.938, 1942, May Average, Brazil, BRA
82.9691, 1942, Jun Average, Brazil, BRA
48.605, 1942, Jul Average, Brazil, BRA
47.8696, 1942, Aug Average, Brazil, BRA
96.7486, 1942, Sep Average, Brazil, BRA
129.554, 1942, Oct Average, Brazil, BRA
154.312, 1942, Nov Average, Brazil, BRA
198.464, 1942, Dec Average, Brazil, BRA
249.262, 1943, Jan Average, Brazil, BRA
184.131, 1943, Feb Average, Brazil, BRA
257.431, 1943, Mar Average, Brazil, BRA
173.905, 1943, Apr Average, Brazil, BRA
106.003, 1943, May Average, Brazil, BRA
78.5059, 1943, Jun Average, Brazil, BRA
57.3821, 1943, Jul Average, Brazil, BRA
47.2614, 1943, Aug Average, Brazil, BRA
62.7244, 1943, Sep Average, Brazil, BRA
125.417, 1943, Oct Average, Brazil, BRA
180.229, 1943, Nov Average, Brazil, BRA
219.548, 1943, Dec Average, Brazil, BRA
196.443, 1944, Jan Average, Brazil, BRA
219.391, 1944, Feb Average, Brazil, BRA
217.574, 1944, Mar Average, Brazil, BRA
190.953, 1944, Apr Average, Brazil, BRA
110.351, 1944, May Average, Brazil, BRA
74.187, 1944, Jun Average, Brazil, BRA
54.0801, 1944, Jul Average, Brazil, BRA
43.8799, 1944, Aug Average, Brazil, BRA
75.2933, 1944, Sep Average, Brazil, BRA
120.979, 1944, Oct Average, Brazil, BRA
161.238, 1944, Nov Average, Brazil, BRA
230.837, 1944, Dec Average, Brazil, BRA
237.489, 1945, Jan Average, Brazil, BRA
242.512, 1945, Feb Average, Brazil, BRA
263.581, 1945, Mar Average, Brazil, BRA
210.49, 1945, Apr Average, Brazil, BRA
144.792, 1945, May Average, Brazil, BRA
78.0549, 1945, Jun Average, Brazil, BRA
69.6551, 1945, Jul Average, Brazil, BRA
34.4251, 1945, Aug Average, Brazil, BRA
70.6683, 1945, Sep Average, Brazil, BRA
138.937, 1945, Oct Average, Brazil, BRA
178.155, 1945, Nov Average, Brazil, BRA
212.243, 1945, Dec Average, Brazil, BRA
216.593, 1946, Jan Average, Brazil, BRA
207.755, 1946, Feb Average, Brazil, BRA
219.199, 1946, Mar Average, Brazil, BRA
153.999, 1946, Apr Average, Brazil, BRA
143.491, 1946, May Average, Brazil, BRA
70.9007, 1946, Jun Average, Brazil, BRA
69.3626, 1946, Jul Average, Brazil, BRA
47.0965, 1946, Aug Average, Brazil, BRA
65.6559, 1946, Sep Average, Brazil, BRA
103.631, 1946, Oct Average, Brazil, BRA
182.094, 1946, Nov Average, Brazil, BRA
167.16, 1946, Dec Average, Brazil, BRA
233.344, 1947, Jan Average, Brazil, BRA
226.91, 1947, Feb Average, Brazil, BRA
275.505, 1947, Mar Average, Brazil, BRA
176.865, 1947, Apr Average, Brazil, BRA
131.795, 1947, May Average, Brazil, BRA
79.7461, 1947, Jun Average, Brazil, BRA
74.4361, 1947, Jul Average, Brazil, BRA
57.5451, 1947, Aug Average, Brazil, BRA
81.5016, 1947, Sep Average, Brazil, BRA
143.777, 1947, Oct Average, Brazil, BRA
205.502, 1947, Nov Average, Brazil, BRA
217.471, 1947, Dec Average, Brazil, BRA
215.418, 1948, Jan Average, Brazil, BRA
219.669, 1948, Feb Average, Brazil, BRA
277.732, 1948, Mar Average, Brazil, BRA
154.911, 1948, Apr Average, Brazil, BRA
114.41, 1948, May Average, Brazil, BRA
74.801, 1948, Jun Average, Brazil, BRA
62.6364, 1948, Jul Average, Brazil, BRA
42.7677, 1948, Aug Average, Brazil, BRA
77.6551, 1948, Sep Average, Brazil, BRA
120.967, 1948, Oct Average, Brazil, BRA
150.773, 1948, Nov Average, Brazil, BRA
260.924, 1948, Dec Average, Brazil, BRA
243.101, 1949, Jan Average, Brazil, BRA
212.185, 1949, Feb Average, Brazil, BRA
209.795, 1949, Mar Average, Brazil, BRA
202.825, 1949, Apr Average, Brazil, BRA
127.51, 1949, May Average, Brazil, BRA
87.3181, 1949, Jun Average, Brazil, BRA
66.5933, 1949, Jul Average, Brazil, BRA
60.2724, 1949, Aug Average, Brazil, BRA
67.4563, 1949, Sep Average, Brazil, BRA
129.061, 1949, Oct Average, Brazil, BRA
171.954, 1949, Nov Average, Brazil, BRA
180.436, 1949, Dec Average, Brazil, BRA
219.866, 1950, Jan Average, Brazil, BRA
217.944, 1950, Feb Average, Brazil, BRA
280.082, 1950, Mar Average, Brazil, BRA
201.857, 1950, Apr Average, Brazil, BRA
118.128, 1950, May Average, Brazil, BRA
76.4672, 1950, Jun Average, Brazil, BRA
70.7764, 1950, Jul Average, Brazil, BRA
41.3954, 1950, Aug Average, Brazil, BRA
50.3308, 1950, Sep Average, Brazil, BRA
123.601, 1950, Oct Average, Brazil, BRA
153.896, 1950, Nov Average, Brazil, BRA
217.488, 1950, Dec Average, Brazil, BRA
214.495, 1951, Jan Average, Brazil, BRA
168.112, 1951, Feb Average, Brazil, BRA
257.315, 1951, Mar Average, Brazil, BRA
165.978, 1951, Apr Average, Brazil, BRA
135.087, 1951, May Average, Brazil, BRA
79.1211, 1951, Jun Average, Brazil, BRA
51.3739, 1951, Jul Average, Brazil, BRA
40.7033, 1951, Aug Average, Brazil, BRA
59.8072, 1951, Sep Average, Brazil, BRA
117.59, 1951, Oct Average, Brazil, BRA
137.762, 1951, Nov Average, Brazil, BRA
180.624, 1951, Dec Average, Brazil, BRA
193.57, 1952, Jan Average, Brazil, BRA
228.959, 1952, Feb Average, Brazil, BRA
248.55, 1952, Mar Average, Brazil, BRA
170.651, 1952, Apr Average, Brazil, BRA
121.009, 1952, May Average, Brazil, BRA
71.0081, 1952, Jun Average, Brazil, BRA
55.0985, 1952, Jul Average, Brazil, BRA
51.3279, 1952, Aug Average, Brazil, BRA
71.5695, 1952, Sep Average, Brazil, BRA
106.59, 1952, Oct Average, Brazil, BRA
136.843, 1952, Nov Average, Brazil, BRA
220.869, 1952, Dec Average, Brazil, BRA
188.863, 1953, Jan Average, Brazil, BRA
218.102, 1953, Feb Average, Brazil, BRA
240.863, 1953, Mar Average, Brazil, BRA
183.978, 1953, Apr Average, Brazil, BRA
115.422, 1953, May Average, Brazil, BRA
65.2116, 1953, Jun Average, Brazil, BRA
69.7892, 1953, Jul Average, Brazil, BRA
43.036, 1953, Aug Average, Brazil, BRA
98.1056, 1953, Sep Average, Brazil, BRA
127.225, 1953, Oct Average, Brazil, BRA
155.523, 1953, Nov Average, Brazil, BRA
225.98, 1953, Dec Average, Brazil, BRA
180.059, 1954, Jan Average, Brazil, BRA
223.209, 1954, Feb Average, Brazil, BRA
255.317, 1954, Mar Average, Brazil, BRA
166.803, 1954, Apr Average, Brazil, BRA
130.402, 1954, May Average, Brazil, BRA
92.1251, 1954, Jun Average, Brazil, BRA
61.1217, 1954, Jul Average, Brazil, BRA
42.6226, 1954, Aug Average, Brazil, BRA
65.5058, 1954, Sep Average, Brazil, BRA
99.6538, 1954, Oct Average, Brazil, BRA
172.788, 1954, Nov Average, Brazil, BRA
184.732, 1954, Dec Average, Brazil, BRA
247.521, 1955, Jan Average, Brazil, BRA
201.658, 1955, Feb Average, Brazil, BRA
251.487, 1955, Mar Average, Brazil, BRA
191.086, 1955, Apr Average, Brazil, BRA
127.321, 1955, May Average, Brazil, BRA
75.9681, 1955, Jun Average, Brazil, BRA
72.2862, 1955, Jul Average, Brazil, BRA
43.4892, 1955, Aug Average, Brazil, BRA
60.1339, 1955, Sep Average, Brazil, BRA
113.913, 1955, Oct Average, Brazil, BRA
158.437, 1955, Nov Average, Brazil, BRA
218.398, 1955, Dec Average, Brazil, BRA
192.001, 1956, Jan Average, Brazil, BRA
235.367, 1956, Feb Average, Brazil, BRA
237.087, 1956, Mar Average, Brazil, BRA
209.533, 1956, Apr Average, Brazil, BRA
153.325, 1956, May Average, Brazil, BRA
98.349, 1956, Jun Average, Brazil, BRA
69.3808, 1956, Jul Average, Brazil, BRA
71.0573, 1956, Aug Average, Brazil, BRA
67.4366, 1956, Sep Average, Brazil, BRA
136.577, 1956, Oct Average, Brazil, BRA
195.128, 1956, Nov Average, Brazil, BRA
208.856, 1956, Dec Average, Brazil, BRA
246.102, 1957, Jan Average, Brazil, BRA
209.226, 1957, Feb Average, Brazil, BRA
245.685, 1957, Mar Average, Brazil, BRA
215.157, 1957, Apr Average, Brazil, BRA
125.067, 1957, May Average, Brazil, BRA
77.6312, 1957, Jun Average, Brazil, BRA
60.7454, 1957, Jul Average, Brazil, BRA
55.9993, 1957, Aug Average, Brazil, BRA
86.1582, 1957, Sep Average, Brazil, BRA
101.826, 1957, Oct Average, Brazil, BRA
149.61, 1957, Nov Average, Brazil, BRA
176.261, 1957, Dec Average, Brazil, BRA
245.781, 1958, Jan Average, Brazil, BRA
209.112, 1958, Feb Average, Brazil, BRA
226.109, 1958, Mar Average, Brazil, BRA
186.188, 1958, Apr Average, Brazil, BRA
107.986, 1958, May Average, Brazil, BRA
58.8831, 1958, Jun Average, Brazil, BRA
59.6814, 1958, Jul Average, Brazil, BRA
40.4228, 1958, Aug Average, Brazil, BRA
66.1156, 1958, Sep Average, Brazil, BRA
123.068, 1958, Oct Average, Brazil, BRA
148.24, 1958, Nov Average, Brazil, BRA
213.715, 1958, Dec Average, Brazil, BRA
232.027, 1959, Jan Average, Brazil, BRA
209.172, 1959, Feb Average, Brazil, BRA
257.512, 1959, Mar Average, Brazil, BRA
158.023, 1959, Apr Average, Brazil, BRA
112.398, 1959, May Average, Brazil, BRA
100.194, 1959, Jun Average, Brazil, BRA
65.8361, 1959, Jul Average, Brazil, BRA
61.3818, 1959, Aug Average, Brazil, BRA
59.6501, 1959, Sep Average, Brazil, BRA
111.062, 1959, Oct Average, Brazil, BRA
169.496, 1959, Nov Average, Brazil, BRA
156.281, 1959, Dec Average, Brazil, BRA
227.489, 1960, Jan Average, Brazil, BRA
218.295, 1960, Feb Average, Brazil, BRA
274.971, 1960, Mar Average, Brazil, BRA
160.347, 1960, Apr Average, Brazil, BRA
105.988, 1960, May Average, Brazil, BRA
79.0647, 1960, Jun Average, Brazil, BRA
62.2265, 1960, Jul Average, Brazil, BRA
58.669, 1960, Aug Average, Brazil, BRA
56.4872, 1960, Sep Average, Brazil, BRA
121.929, 1960, Oct Average, Brazil, BRA
144.953, 1960, Nov Average, Brazil, BRA
210.05, 1960, Dec Average, Brazil, BRA
248.476, 1961, Jan Average, Brazil, BRA
223.857, 1961, Feb Average, Brazil, BRA
205.598, 1961, Mar Average, Brazil, BRA
169.816, 1961, Apr Average, Brazil, BRA
122.79, 1961, May Average, Brazil, BRA
84.0072, 1961, Jun Average, Brazil, BRA
55.7984, 1961, Jul Average, Brazil, BRA
43.3412, 1961, Aug Average, Brazil, BRA
57.422, 1961, Sep Average, Brazil, BRA
109.488, 1961, Oct Average, Brazil, BRA
121.161, 1961, Nov Average, Brazil, BRA
201.97, 1961, Dec Average, Brazil, BRA
234.064, 1962, Jan Average, Brazil, BRA
210.328, 1962, Feb Average, Brazil, BRA
206.498, 1962, Mar Average, Brazil, BRA
177.288, 1962, Apr Average, Brazil, BRA
135.994, 1962, May Average, Brazil, BRA
79.1286, 1962, Jun Average, Brazil, BRA
58.2533, 1962, Jul Average, Brazil, BRA
47.5014, 1962, Aug Average, Brazil, BRA
76.6241, 1962, Sep Average, Brazil, BRA
112.649, 1962, Oct Average, Brazil, BRA
148.671, 1962, Nov Average, Brazil, BRA
220.032, 1962, Dec Average, Brazil, BRA
203.525, 1963, Jan Average, Brazil, BRA
247.021, 1963, Feb Average, Brazil, BRA
206.023, 1963, Mar Average, Brazil, BRA
165.276, 1963, Apr Average, Brazil, BRA
107.893, 1963, May Average, Brazil, BRA
66.2964, 1963, Jun Average, Brazil, BRA
46.5603, 1963, Jul Average, Brazil, BRA
35.6145, 1963, Aug Average, Brazil, BRA
53.8266, 1963, Sep Average, Brazil, BRA
88.4773, 1963, Oct Average, Brazil, BRA
163.198, 1963, Nov Average, Brazil, BRA
208.027, 1963, Dec Average, Brazil, BRA
287.998, 1964, Jan Average, Brazil, BRA
231.43, 1964, Feb Average, Brazil, BRA
223.307, 1964, Mar Average, Brazil, BRA
177.896, 1964, Apr Average, Brazil, BRA
159.318, 1964, May Average, Brazil, BRA
82.1474, 1964, Jun Average, Brazil, BRA
69.3602, 1964, Jul Average, Brazil, BRA
60.0053, 1964, Aug Average, Brazil, BRA
74.1387, 1964, Sep Average, Brazil, BRA
147.647, 1964, Oct Average, Brazil, BRA
162.54, 1964, Nov Average, Brazil, BRA
202.196, 1964, Dec Average, Brazil, BRA
223.779, 1965, Jan Average, Brazil, BRA
185.32, 1965, Feb Average, Brazil, BRA
262.593, 1965, Mar Average, Brazil, BRA
203.231, 1965, Apr Average, Brazil, BRA
123.77, 1965, May Average, Brazil, BRA
80.5181, 1965, Jun Average, Brazil, BRA
73.1742, 1965, Jul Average, Brazil, BRA
49.7168, 1965, Aug Average, Brazil, BRA
74.4737, 1965, Sep Average, Brazil, BRA
156.392, 1965, Oct Average, Brazil, BRA
160.221, 1965, Nov Average, Brazil, BRA
172.751, 1965, Dec Average, Brazil, BRA
207.449, 1966, Jan Average, Brazil, BRA
241.149, 1966, Feb Average, Brazil, BRA
206.77, 1966, Mar Average, Brazil, BRA
171.197, 1966, Apr Average, Brazil, BRA
137.671, 1966, May Average, Brazil, BRA
83.0964, 1966, Jun Average, Brazil, BRA
77.5939, 1966, Jul Average, Brazil, BRA
50.1462, 1966, Aug Average, Brazil, BRA
78.1075, 1966, Sep Average, Brazil, BRA
114.94, 1966, Oct Average, Brazil, BRA
144.331, 1966, Nov Average, Brazil, BRA
202.623, 1966, Dec Average, Brazil, BRA
219.175, 1967, Jan Average, Brazil, BRA
223.578, 1967, Feb Average, Brazil, BRA
239.309, 1967, Mar Average, Brazil, BRA
192.191, 1967, Apr Average, Brazil, BRA
119.385, 1967, May Average, Brazil, BRA
79.8475, 1967, Jun Average, Brazil, BRA
58.7514, 1967, Jul Average, Brazil, BRA
37.8678, 1967, Aug Average, Brazil, BRA
59.9264, 1967, Sep Average, Brazil, BRA
91.4743, 1967, Oct Average, Brazil, BRA
158.703, 1967, Nov Average, Brazil, BRA
201.812, 1967, Dec Average, Brazil, BRA
188.886, 1968, Jan Average, Brazil, BRA
221.156, 1968, Feb Average, Brazil, BRA
242.54, 1968, Mar Average, Brazil, BRA
163.894, 1968, Apr Average, Brazil, BRA
122.576, 1968, May Average, Brazil, BRA
75.2682, 1968, Jun Average, Brazil, BRA
56.374, 1968, Jul Average, Brazil, BRA
64.1533, 1968, Aug Average, Brazil, BRA
79.3386, 1968, Sep Average, Brazil, BRA
112.586, 1968, Oct Average, Brazil, BRA
192.254, 1968, Nov Average, Brazil, BRA
205.436, 1968, Dec Average, Brazil, BRA
234.558, 1969, Jan Average, Brazil, BRA
185.921, 1969, Feb Average, Brazil, BRA
217.934, 1969, Mar Average, Brazil, BRA
171.796, 1969, Apr Average, Brazil, BRA
136.019, 1969, May Average, Brazil, BRA
79.2541, 1969, Jun Average, Brazil, BRA
60.8241, 1969, Jul Average, Brazil, BRA
51.2475, 1969, Aug Average, Brazil, BRA
62.2901, 1969, Sep Average, Brazil, BRA
122.928, 1969, Oct Average, Brazil, BRA
143.062, 1969, Nov Average, Brazil, BRA
195.481, 1969, Dec Average, Brazil, BRA
232.591, 1970, Jan Average, Brazil, BRA
205.436, 1970, Feb Average, Brazil, BRA
246.29, 1970, Mar Average, Brazil, BRA
187.512, 1970, Apr Average, Brazil, BRA
117.378, 1970, May Average, Brazil, BRA
88.3273, 1970, Jun Average, Brazil, BRA
61.0392, 1970, Jul Average, Brazil, BRA
58.7356, 1970, Aug Average, Brazil, BRA
86.1094, 1970, Sep Average, Brazil, BRA
122.896, 1970, Oct Average, Brazil, BRA
179.73, 1970, Nov Average, Brazil, BRA
149.291, 1970, Dec Average, Brazil, BRA
189.751, 1971, Jan Average, Brazil, BRA
207.091, 1971, Feb Average, Brazil, BRA
238.415, 1971, Mar Average, Brazil, BRA
201.067, 1971, Apr Average, Brazil, BRA
136.268, 1971, May Average, Brazil, BRA
106.86, 1971, Jun Average, Brazil, BRA
74.6397, 1971, Jul Average, Brazil, BRA
57.487, 1971, Aug Average, Brazil, BRA
70.1637, 1971, Sep Average, Brazil, BRA
152.02, 1971, Oct Average, Brazil, BRA
175.449, 1971, Nov Average, Brazil, BRA
158.464, 1971, Dec Average, Brazil, BRA
213.454, 1972, Jan Average, Brazil, BRA
236.897, 1972, Feb Average, Brazil, BRA
212.106, 1972, Mar Average, Brazil, BRA
169.673, 1972, Apr Average, Brazil, BRA
116.159, 1972, May Average, Brazil, BRA
80.8279, 1972, Jun Average, Brazil, BRA
75.0994, 1972, Jul Average, Brazil, BRA
83.1067, 1972, Aug Average, Brazil, BRA
87.4448, 1972, Sep Average, Brazil, BRA
128.461, 1972, Oct Average, Brazil, BRA
170.869, 1972, Nov Average, Brazil, BRA
224.034, 1972, Dec Average, Brazil, BRA
206.612, 1973, Jan Average, Brazil, BRA
220.321, 1973, Feb Average, Brazil, BRA
248.991, 1973, Mar Average, Brazil, BRA
197.924, 1973, Apr Average, Brazil, BRA
166.112, 1973, May Average, Brazil, BRA
93.2065, 1973, Jun Average, Brazil, BRA
87.6142, 1973, Jul Average, Brazil, BRA
77.6095, 1973, Aug Average, Brazil, BRA
83.703, 1973, Sep Average, Brazil, BRA
171.71, 1973, Oct Average, Brazil, BRA
172.82, 1973, Nov Average, Brazil, BRA
211.364, 1973, Dec Average, Brazil, BRA
237.583, 1974, Jan Average, Brazil, BRA
226.939, 1974, Feb Average, Brazil, BRA
285.59, 1974, Mar Average, Brazil, BRA
224.593, 1974, Apr Average, Brazil, BRA
134.695, 1974, May Average, Brazil, BRA
105.864, 1974, Jun Average, Brazil, BRA
68.6075, 1974, Jul Average, Brazil, BRA
64.7913, 1974, Aug Average, Brazil, BRA
81.6749, 1974, Sep Average, Brazil, BRA
139.179, 1974, Oct Average, Brazil, BRA
155.777, 1974, Nov Average, Brazil, BRA
231.087, 1974, Dec Average, Brazil, BRA
232.315, 1975, Jan Average, Brazil, BRA
222.164, 1975, Feb Average, Brazil, BRA
243.141, 1975, Mar Average, Brazil, BRA
215.223, 1975, Apr Average, Brazil, BRA
148.707, 1975, May Average, Brazil, BRA
93.3779, 1975, Jun Average, Brazil, BRA
92.8535, 1975, Jul Average, Brazil, BRA
64.4528, 1975, Aug Average, Brazil, BRA
78.2128, 1975, Sep Average, Brazil, BRA
121.765, 1975, Oct Average, Brazil, BRA
180.665, 1975, Nov Average, Brazil, BRA
176.98, 1975, Dec Average, Brazil, BRA
202.795, 1976, Jan Average, Brazil, BRA
246.367, 1976, Feb Average, Brazil, BRA
231.834, 1976, Mar Average, Brazil, BRA
167.619, 1976, Apr Average, Brazil, BRA
140.314, 1976, May Average, Brazil, BRA
72.1444, 1976, Jun Average, Brazil, BRA
55.233, 1976, Jul Average, Brazil, BRA
51.8623, 1976, Aug Average, Brazil, BRA
86.9105, 1976, Sep Average, Brazil, BRA
145.78, 1976, Oct Average, Brazil, BRA
178.154, 1976, Nov Average, Brazil, BRA
191.165, 1976, Dec Average, Brazil, BRA
241.066, 1977, Jan Average, Brazil, BRA
207.108, 1977, Feb Average, Brazil, BRA
204.445, 1977, Mar Average, Brazil, BRA
197.492, 1977, Apr Average, Brazil, BRA
139.099, 1977, May Average, Brazil, BRA
104.4, 1977, Jun Average, Brazil, BRA
65.371, 1977, Jul Average, Brazil, BRA
50.9387, 1977, Aug Average, Brazil, BRA
90.4211, 1977, Sep Average, Brazil, BRA
125.546, 1977, Oct Average, Brazil, BRA
153.487, 1977, Nov Average, Brazil, BRA
226.557, 1977, Dec Average, Brazil, BRA
221.549, 1978, Jan Average, Brazil, BRA
223.766, 1978, Feb Average, Brazil, BRA
236.947, 1978, Mar Average, Brazil, BRA
181.389, 1978, Apr Average, Brazil, BRA
153.506, 1978, May Average, Brazil, BRA
71.5123, 1978, Jun Average, Brazil, BRA
86.0822, 1978, Jul Average, Brazil, BRA
53.2701, 1978, Aug Average, Brazil, BRA
83.4944, 1978, Sep Average, Brazil, BRA
126.132, 1978, Oct Average, Brazil, BRA
151.167, 1978, Nov Average, Brazil, BRA
212.179, 1978, Dec Average, Brazil, BRA
261.93, 1979, Jan Average, Brazil, BRA
250.11, 1979, Feb Average, Brazil, BRA
223.904, 1979, Mar Average, Brazil, BRA
179.948, 1979, Apr Average, Brazil, BRA
132.852, 1979, May Average, Brazil, BRA
62.7737, 1979, Jun Average, Brazil, BRA
48.7439, 1979, Jul Average, Brazil, BRA
74.9903, 1979, Aug Average, Brazil, BRA
101.073, 1979, Sep Average, Brazil, BRA
126.141, 1979, Oct Average, Brazil, BRA
157.759, 1979, Nov Average, Brazil, BRA
206.695, 1979, Dec Average, Brazil, BRA
262.365, 1980, Jan Average, Brazil, BRA
277.835, 1980, Feb Average, Brazil, BRA
200.184, 1980, Mar Average, Brazil, BRA
162.74, 1980, Apr Average, Brazil, BRA
108.465, 1980, May Average, Brazil, BRA
82.2862, 1980, Jun Average, Brazil, BRA
53.505, 1980, Jul Average, Brazil, BRA
47.1906, 1980, Aug Average, Brazil, BRA
77.8925, 1980, Sep Average, Brazil, BRA
111.111, 1980, Oct Average, Brazil, BRA
168.632, 1980, Nov Average, Brazil, BRA
202.31, 1980, Dec Average, Brazil, BRA
228.488, 1981, Jan Average, Brazil, BRA
178.538, 1981, Feb Average, Brazil, BRA
255.393, 1981, Mar Average, Brazil, BRA
139.289, 1981, Apr Average, Brazil, BRA
97.8114, 1981, May Average, Brazil, BRA
82.2944, 1981, Jun Average, Brazil, BRA
48.5975, 1981, Jul Average, Brazil, BRA
59.0828, 1981, Aug Average, Brazil, BRA
63.8103, 1981, Sep Average, Brazil, BRA
134.34, 1981, Oct Average, Brazil, BRA
183.917, 1981, Nov Average, Brazil, BRA
196.339, 1981, Dec Average, Brazil, BRA
275.546, 1982, Jan Average, Brazil, BRA
214.032, 1982, Feb Average, Brazil, BRA
262.157, 1982, Mar Average, Brazil, BRA
179.048, 1982, Apr Average, Brazil, BRA
119.549, 1982, May Average, Brazil, BRA
75.3345, 1982, Jun Average, Brazil, BRA
65.4804, 1982, Jul Average, Brazil, BRA
58.4357, 1982, Aug Average, Brazil, BRA
76.1212, 1982, Sep Average, Brazil, BRA
113.52, 1982, Oct Average, Brazil, BRA
122.339, 1982, Nov Average, Brazil, BRA
194.943, 1982, Dec Average, Brazil, BRA
224.366, 1983, Jan Average, Brazil, BRA
203.835, 1983, Feb Average, Brazil, BRA
242.185, 1983, Mar Average, Brazil, BRA
170.844, 1983, Apr Average, Brazil, BRA
117.565, 1983, May Average, Brazil, BRA
60.7751, 1983, Jun Average, Brazil, BRA
50.1728, 1983, Jul Average, Brazil, BRA
49.1556, 1983, Aug Average, Brazil, BRA
76.0707, 1983, Sep Average, Brazil, BRA
130.243, 1983, Oct Average, Brazil, BRA
158.699, 1983, Nov Average, Brazil, BRA
206.437, 1983, Dec Average, Brazil, BRA
186.941, 1984, Jan Average, Brazil, BRA
199.592, 1984, Feb Average, Brazil, BRA
244.401, 1984, Mar Average, Brazil, BRA
234.314, 1984, Apr Average, Brazil, BRA
137.188, 1984, May Average, Brazil, BRA
78.9492, 1984, Jun Average, Brazil, BRA
66.7261, 1984, Jul Average, Brazil, BRA
85.3929, 1984, Aug Average, Brazil, BRA
102.805, 1984, Sep Average, Brazil, BRA
126.909, 1984, Oct Average, Brazil, BRA
130.959, 1984, Nov Average, Brazil, BRA
171.044, 1984, Dec Average, Brazil, BRA
320.653, 1985, Jan Average, Brazil, BRA
218.933, 1985, Feb Average, Brazil, BRA
245.185, 1985, Mar Average, Brazil, BRA
194.382, 1985, Apr Average, Brazil, BRA
139.932, 1985, May Average, Brazil, BRA
75.2527, 1985, Jun Average, Brazil, BRA
66.7447, 1985, Jul Average, Brazil, BRA
65.843, 1985, Aug Average, Brazil, BRA
81.5388, 1985, Sep Average, Brazil, BRA
136.22, 1985, Oct Average, Brazil, BRA
146.546, 1985, Nov Average, Brazil, BRA
242.414, 1985, Dec Average, Brazil, BRA
207.189, 1986, Jan Average, Brazil, BRA
210.371, 1986, Feb Average, Brazil, BRA
256.884, 1986, Mar Average, Brazil, BRA
173.868, 1986, Apr Average, Brazil, BRA
127.749, 1986, May Average, Brazil, BRA
84.7532, 1986, Jun Average, Brazil, BRA
65.6461, 1986, Jul Average, Brazil, BRA
61.9221, 1986, Aug Average, Brazil, BRA
70.7856, 1986, Sep Average, Brazil, BRA
119.551, 1986, Oct Average, Brazil, BRA
150.217, 1986, Nov Average, Brazil, BRA
193.343, 1986, Dec Average, Brazil, BRA
187.846, 1987, Jan Average, Brazil, BRA
167.184, 1987, Feb Average, Brazil, BRA
259.284, 1987, Mar Average, Brazil, BRA
198.227, 1987, Apr Average, Brazil, BRA
113.093, 1987, May Average, Brazil, BRA
76.4724, 1987, Jun Average, Brazil, BRA
58.0808, 1987, Jul Average, Brazil, BRA
47.4587, 1987, Aug Average, Brazil, BRA
72.8932, 1987, Sep Average, Brazil, BRA
96.7288, 1987, Oct Average, Brazil, BRA
145.91, 1987, Nov Average, Brazil, BRA
196.742, 1987, Dec Average, Brazil, BRA
226.512, 1988, Jan Average, Brazil, BRA
223.57, 1988, Feb Average, Brazil, BRA
236.5, 1988, Mar Average, Brazil, BRA
201.879, 1988, Apr Average, Brazil, BRA
146.37, 1988, May Average, Brazil, BRA
84.5341, 1988, Jun Average, Brazil, BRA
62.4771, 1988, Jul Average, Brazil, BRA
37.4796, 1988, Aug Average, Brazil, BRA
55.2789, 1988, Sep Average, Brazil, BRA
106.43, 1988, Oct Average, Brazil, BRA
155.555, 1988, Nov Average, Brazil, BRA
220.395, 1988, Dec Average, Brazil, BRA
224.399, 1989, Jan Average, Brazil, BRA
218.306, 1989, Feb Average, Brazil, BRA
243.181, 1989, Mar Average, Brazil, BRA
191.779, 1989, Apr Average, Brazil, BRA
149.332, 1989, May Average, Brazil, BRA
100.583, 1989, Jun Average, Brazil, BRA
77.1071, 1989, Jul Average, Brazil, BRA
71.9408, 1989, Aug Average, Brazil, BRA
78.1986, 1989, Sep Average, Brazil, BRA
134.436, 1989, Oct Average, Brazil, BRA
185.03, 1989, Nov Average, Brazil, BRA
302.241, 1989, Dec Average, Brazil, BRA
195.49, 1990, Jan Average, Brazil, BRA
208.161, 1990, Feb Average, Brazil, BRA
201.99, 1990, Mar Average, Brazil, BRA
171.232, 1990, Apr Average, Brazil, BRA
137.11, 1990, May Average, Brazil, BRA
77.5263, 1990, Jun Average, Brazil, BRA
74.6217, 1990, Jul Average, Brazil, BRA
69.5353, 1990, Aug Average, Brazil, BRA
92.0863, 1990, Sep Average, Brazil, BRA
111.247, 1990, Oct Average, Brazil, BRA
142.139, 1990, Nov Average, Brazil, BRA
172.033, 1990, Dec Average, Brazil, BRA
265.675, 1991, Jan Average, Brazil, BRA
191.252, 1991, Feb Average, Brazil, BRA
238.854, 1991, Mar Average, Brazil, BRA
188.449, 1991, Apr Average, Brazil, BRA
118.873, 1991, May Average, Brazil, BRA
84.7695, 1991, Jun Average, Brazil, BRA
66.6732, 1991, Jul Average, Brazil, BRA
48.699, 1991, Aug Average, Brazil, BRA
70.8228, 1991, Sep Average, Brazil, BRA
92.1602, 1991, Oct Average, Brazil, BRA
139.669, 1991, Nov Average, Brazil, BRA
158.582, 1991, Dec Average, Brazil, BRA
232.945, 1992, Jan Average, Brazil, BRA
227.389, 1992, Feb Average, Brazil, BRA
228.136, 1992, Mar Average, Brazil, BRA
161.243, 1992, Apr Average, Brazil, BRA
94.2374, 1992, May Average, Brazil, BRA
58.4615, 1992, Jun Average, Brazil, BRA
62.6313, 1992, Jul Average, Brazil, BRA
54.3506, 1992, Aug Average, Brazil, BRA
96.2761, 1992, Sep Average, Brazil, BRA
112.334, 1992, Oct Average, Brazil, BRA
167.401, 1992, Nov Average, Brazil, BRA
186.117, 1992, Dec Average, Brazil, BRA
203.732, 1993, Jan Average, Brazil, BRA
235.652, 1993, Feb Average, Brazil, BRA
178.804, 1993, Mar Average, Brazil, BRA
164.613, 1993, Apr Average, Brazil, BRA
113.278, 1993, May Average, Brazil, BRA
75.472, 1993, Jun Average, Brazil, BRA
63.4771, 1993, Jul Average, Brazil, BRA
57.9194, 1993, Aug Average, Brazil, BRA
82.9538, 1993, Sep Average, Brazil, BRA
120.069, 1993, Oct Average, Brazil, BRA
186.406, 1993, Nov Average, Brazil, BRA
209.329, 1993, Dec Average, Brazil, BRA
265.457, 1994, Jan Average, Brazil, BRA
220.089, 1994, Feb Average, Brazil, BRA
260.323, 1994, Mar Average, Brazil, BRA
176.031, 1994, Apr Average, Brazil, BRA
120.584, 1994, May Average, Brazil, BRA
112.056, 1994, Jun Average, Brazil, BRA
62.1686, 1994, Jul Average, Brazil, BRA
56.0615, 1994, Aug Average, Brazil, BRA
84.8095, 1994, Sep Average, Brazil, BRA
121.428, 1994, Oct Average, Brazil, BRA
164.159, 1994, Nov Average, Brazil, BRA
194.758, 1994, Dec Average, Brazil, BRA
194.065, 1995, Jan Average, Brazil, BRA
234.312, 1995, Feb Average, Brazil, BRA
226.564, 1995, Mar Average, Brazil, BRA
200.891, 1995, Apr Average, Brazil, BRA
139.033, 1995, May Average, Brazil, BRA
88.019, 1995, Jun Average, Brazil, BRA
69.8075, 1995, Jul Average, Brazil, BRA
42.0385, 1995, Aug Average, Brazil, BRA
62.971, 1995, Sep Average, Brazil, BRA
112.924, 1995, Oct Average, Brazil, BRA
192.302, 1995, Nov Average, Brazil, BRA
228.109, 1995, Dec Average, Brazil, BRA
224.417, 1996, Jan Average, Brazil, BRA
215.971, 1996, Feb Average, Brazil, BRA
260.55, 1996, Mar Average, Brazil, BRA
207.893, 1996, Apr Average, Brazil, BRA
121.166, 1996, May Average, Brazil, BRA
78.835, 1996, Jun Average, Brazil, BRA
76.1877, 1996, Jul Average, Brazil, BRA
52.0746, 1996, Aug Average, Brazil, BRA
77.1525, 1996, Sep Average, Brazil, BRA
136.477, 1996, Oct Average, Brazil, BRA
179.881, 1996, Nov Average, Brazil, BRA
181.523, 1996, Dec Average, Brazil, BRA
246.932, 1997, Jan Average, Brazil, BRA
223.66, 1997, Feb Average, Brazil, BRA
301.95, 1997, Mar Average, Brazil, BRA
186.827, 1997, Apr Average, Brazil, BRA
123.638, 1997, May Average, Brazil, BRA
65.8082, 1997, Jun Average, Brazil, BRA
50.2111, 1997, Jul Average, Brazil, BRA
53.7223, 1997, Aug Average, Brazil, BRA
69.5138, 1997, Sep Average, Brazil, BRA
105.69, 1997, Oct Average, Brazil, BRA
161.002, 1997, Nov Average, Brazil, BRA
215.547, 1997, Dec Average, Brazil, BRA
201.689, 1998, Jan Average, Brazil, BRA
190.628, 1998, Feb Average, Brazil, BRA
216.157, 1998, Mar Average, Brazil, BRA
173.809, 1998, Apr Average, Brazil, BRA
124.977, 1998, May Average, Brazil, BRA
91.2009, 1998, Jun Average, Brazil, BRA
62.9909, 1998, Jul Average, Brazil, BRA
68.0757, 1998, Aug Average, Brazil, BRA
78.5111, 1998, Sep Average, Brazil, BRA
129.348, 1998, Oct Average, Brazil, BRA
189.028, 1998, Nov Average, Brazil, BRA
207.05, 1998, Dec Average, Brazil, BRA
248.63, 1999, Jan Average, Brazil, BRA
207.895, 1999, Feb Average, Brazil, BRA
225.684, 1999, Mar Average, Brazil, BRA
177.341, 1999, Apr Average, Brazil, BRA
144.712, 1999, May Average, Brazil, BRA
85.497, 1999, Jun Average, Brazil, BRA
62.2152, 1999, Jul Average, Brazil, BRA
45.0151, 1999, Aug Average, Brazil, BRA
83.9075, 1999, Sep Average, Brazil, BRA
112.97, 1999, Oct Average, Brazil, BRA
175.691, 1999, Nov Average, Brazil, BRA
215.799, 1999, Dec Average, Brazil, BRA
248.424, 2000, Jan Average, Brazil, BRA
258.849, 2000, Feb Average, Brazil, BRA
259.426, 2000, Mar Average, Brazil, BRA
203.939, 2000, Apr Average, Brazil, BRA
131.116, 2000, May Average, Brazil, BRA
80.6119, 2000, Jun Average, Brazil, BRA
74.0347, 2000, Jul Average, Brazil, BRA
70.1761, 2000, Aug Average, Brazil, BRA
106.965, 2000, Sep Average, Brazil, BRA
105.685, 2000, Oct Average, Brazil, BRA
181.202, 2000, Nov Average, Brazil, BRA
217.27, 2000, Dec Average, Brazil, BRA
207.776, 2001, Jan Average, Brazil, BRA
201.831, 2001, Feb Average, Brazil, BRA
231.186, 2001, Mar Average, Brazil, BRA
163.64, 2001, Apr Average, Brazil, BRA
135.335, 2001, May Average, Brazil, BRA
92.294, 2001, Jun Average, Brazil, BRA
69.9056, 2001, Jul Average, Brazil, BRA
48.4775, 2001, Aug Average, Brazil, BRA
83.6756, 2001, Sep Average, Brazil, BRA
132.902, 2001, Oct Average, Brazil, BRA
177.945, 2001, Nov Average, Brazil, BRA
232.173, 2001, Dec Average, Brazil, BRA
274.321, 2002, Jan Average, Brazil, BRA
215.577, 2002, Feb Average, Brazil, BRA
215.577, 2002, Mar Average, Brazil, BRA
191.741, 2002, Apr Average, Brazil, BRA
152.821, 2002, May Average, Brazil, BRA
81.0081, 2002, Jun Average, Brazil, BRA
63.698, 2002, Jul Average, Brazil, BRA
56.1344, 2002, Aug Average, Brazil, BRA
75.3035, 2002, Sep Average, Brazil, BRA
115.758, 2002, Oct Average, Brazil, BRA
141.532, 2002, Nov Average, Brazil, BRA
235.131, 2002, Dec Average, Brazil, BRA
218.979, 2003, Jan Average, Brazil, BRA
233.898, 2003, Feb Average, Brazil, BRA
224.243, 2003, Mar Average, Brazil, BRA
171.405, 2003, Apr Average, Brazil, BRA
134.656, 2003, May Average, Brazil, BRA
86.2865, 2003, Jun Average, Brazil, BRA
58.5221, 2003, Jul Average, Brazil, BRA
65.2096, 2003, Aug Average, Brazil, BRA
85.3208, 2003, Sep Average, Brazil, BRA
105.474, 2003, Oct Average, Brazil, BRA
152.578, 2003, Nov Average, Brazil, BRA
155.336, 2003, Dec Average, Brazil, BRA
275.218, 2004, Jan Average, Brazil, BRA
279.715, 2004, Feb Average, Brazil, BRA
249.953, 2004, Mar Average, Brazil, BRA
162.854, 2004, Apr Average, Brazil, BRA
133.053, 2004, May Average, Brazil, BRA
74.7453, 2004, Jun Average, Brazil, BRA
76.1883, 2004, Jul Average, Brazil, BRA
51.4091, 2004, Aug Average, Brazil, BRA
54.1408, 2004, Sep Average, Brazil, BRA
120.685, 2004, Oct Average, Brazil, BRA
143.71, 2004, Nov Average, Brazil, BRA
179.312, 2004, Dec Average, Brazil, BRA
220.766, 2005, Jan Average, Brazil, BRA
225.89, 2005, Feb Average, Brazil, BRA
285.732, 2005, Mar Average, Brazil, BRA
186.65, 2005, Apr Average, Brazil, BRA
161.415, 2005, May Average, Brazil, BRA
70.305, 2005, Jun Average, Brazil, BRA
47.144, 2005, Jul Average, Brazil, BRA
51.4537, 2005, Aug Average, Brazil, BRA
71.6992, 2005, Sep Average, Brazil, BRA
113.066, 2005, Oct Average, Brazil, BRA
137.595, 2005, Nov Average, Brazil, BRA
241.65, 2005, Dec Average, Brazil, BRA
203.852, 2006, Jan Average, Brazil, BRA
237.058, 2006, Feb Average, Brazil, BRA
261.471, 2006, Mar Average, Brazil, BRA
219.675, 2006, Apr Average, Brazil, BRA
157.874, 2006, May Average, Brazil, BRA
81.0846, 2006, Jun Average, Brazil, BRA
60.9879, 2006, Jul Average, Brazil, BRA
46.0967, 2006, Aug Average, Brazil, BRA
73.7723, 2006, Sep Average, Brazil, BRA
131.124, 2006, Oct Average, Brazil, BRA
178.842, 2006, Nov Average, Brazil, BRA
206.148, 2006, Dec Average, Brazil, BRA
211.163, 2007, Jan Average, Brazil, BRA
242.422, 2007, Feb Average, Brazil, BRA
209.806, 2007, Mar Average, Brazil, BRA
183.982, 2007, Apr Average, Brazil, BRA
125.068, 2007, May Average, Brazil, BRA
66.1688, 2007, Jun Average, Brazil, BRA
69.4399, 2007, Jul Average, Brazil, BRA
53.1302, 2007, Aug Average, Brazil, BRA
48.0215, 2007, Sep Average, Brazil, BRA
111.526, 2007, Oct Average, Brazil, BRA
165.099, 2007, Nov Average, Brazil, BRA
213.294, 2007, Dec Average, Brazil, BRA
273.881, 2008, Jan Average, Brazil, BRA
236.915, 2008, Feb Average, Brazil, BRA
276.601, 2008, Mar Average, Brazil, BRA
205.173, 2008, Apr Average, Brazil, BRA
134.812, 2008, May Average, Brazil, BRA
77.829, 2008, Jun Average, Brazil, BRA
55.3164, 2008, Jul Average, Brazil, BRA
54.6816, 2008, Aug Average, Brazil, BRA
74.755, 2008, Sep Average, Brazil, BRA
114.063, 2008, Oct Average, Brazil, BRA
157.871, 2008, Nov Average, Brazil, BRA
234.459, 2008, Dec Average, Brazil, BRA
243.597, 2009, Jan Average, Brazil, BRA
245.226, 2009, Feb Average, Brazil, BRA
262.495, 2009, Mar Average, Brazil, BRA
209.818, 2009, Apr Average, Brazil, BRA
148.634, 2009, May Average, Brazil, BRA
103.132, 2009, Jun Average, Brazil, BRA
74.99, 2009, Jul Average, Brazil, BRA
64.2687, 2009, Aug Average, Brazil, BRA
79.6446, 2009, Sep Average, Brazil, BRA
155.088, 2009, Oct Average, Brazil, BRA
140.53, 2009, Nov Average, Brazil, BRA
236.77, 2009, Dec Average, Brazil, BRA
245.466, 2010, Jan Average, Brazil, BRA
214.736, 2010, Feb Average, Brazil, BRA
240.907, 2010, Mar Average, Brazil, BRA
202.919, 2010, Apr Average, Brazil, BRA
133.099, 2010, May Average, Brazil, BRA
72.7541, 2010, Jun Average, Brazil, BRA
67.3053, 2010, Jul Average, Brazil, BRA
40.758, 2010, Aug Average, Brazil, BRA
57.6373, 2010, Sep Average, Brazil, BRA
113.856, 2010, Oct Average, Brazil, BRA
161.147, 2010, Nov Average, Brazil, BRA
213.956, 2010, Dec Average, Brazil, BRA
245.482, 2011, Jan Average, Brazil, BRA
262.373, 2011, Feb Average, Brazil, BRA
282.616, 2011, Mar Average, Brazil, BRA
203.862, 2011, Apr Average, Brazil, BRA
139.706, 2011, May Average, Brazil, BRA
72.2089, 2011, Jun Average, Brazil, BRA
62.3055, 2011, Jul Average, Brazil, BRA
52.4179, 2011, Aug Average, Brazil, BRA
52.0665, 2011, Sep Average, Brazil, BRA
140.386, 2011, Oct Average, Brazil, BRA
168.241, 2011, Nov Average, Brazil, BRA
180.697, 2011, Dec Average, Brazil, BRA
256.824, 2012, Jan Average, Brazil, BRA
239.551, 2012, Feb Average, Brazil, BRA
222.431, 2012, Mar Average, Brazil, BRA
167.197, 2012, Apr Average, Brazil, BRA
111.888, 2012, May Average, Brazil, BRA
74.9119, 2012, Jun Average, Brazil, BRA
62.8351, 2012, Jul Average, Brazil, BRA
40.8529, 2012, Aug Average, Brazil, BRA
58.7737, 2012, Sep Average, Brazil, BRA
86.6818, 2012, Oct Average, Brazil, BRA
161.262, 2012, Nov Average, Brazil, BRA
173.289, 2012, Dec Average, Brazil, BRA
234.139, 2013, Jan Average, Brazil, BRA
228.47, 2013, Feb Average, Brazil, BRA
197.588, 2013, Mar Average, Brazil, BRA
173.695, 2013, Apr Average, Brazil, BRA
142.058, 2013, May Average, Brazil, BRA
89.6447, 2013, Jun Average, Brazil, BRA
71.8725, 2013, Jul Average, Brazil, BRA
60.1136, 2013, Aug Average, Brazil, BRA
71.143, 2013, Sep Average, Brazil, BRA
119.35, 2013, Oct Average, Brazil, BRA
172.05, 2013, Nov Average, Brazil, BRA
212.597, 2013, Dec Average, Brazil, BRA
202.178, 2014, Jan Average, Brazil, BRA
229.507, 2014, Feb Average, Brazil, BRA
265.345, 2014, Mar Average, Brazil, BRA
194.447, 2014, Apr Average, Brazil, BRA
136.029, 2014, May Average, Brazil, BRA
83.6343, 2014, Jun Average, Brazil, BRA
69.5019, 2014, Jul Average, Brazil, BRA
49.0319, 2014, Aug Average, Brazil, BRA
67.9334, 2014, Sep Average, Brazil, BRA
95.0624, 2014, Oct Average, Brazil, BRA
171.367, 2014, Nov Average, Brazil, BRA
185.708, 2014, Dec Average, Brazil, BRA
198.674, 2015, Jan Average, Brazil, BRA
197.071, 2015, Feb Average, Brazil, BRA
250.926, 2015, Mar Average, Brazil, BRA
194.346, 2015, Apr Average, Brazil, BRA
148.205, 2015, May Average, Brazil, BRA
71.9657, 2015, Jun Average, Brazil, BRA
78.7769, 2015, Jul Average, Brazil, BRA
47.016, 2015, Aug Average, Brazil, BRA
53.2885, 2015, Sep Average, Brazil, BRA
80.3109, 2015, Oct Average, Brazil, BRA
121.426, 2015, Nov Average, Brazil, BRA
145.08, 2015, Dec Average, Brazil, BRA
253.296, 2016, Jan Average, Brazil, BRA
201.924, 2016, Feb Average, Brazil, BRA
200.512, 2016, Mar Average, Brazil, BRA
150.809, 2016, Apr Average, Brazil, BRA
108.458, 2016, May Average, Brazil, BRA
77.1786, 2016, Jun Average, Brazil, BRA
55.9171, 2016, Jul Average, Brazil, BRA
54.0275, 2016, Aug Average, Brazil, BRA
67.9271, 2016, Sep Average, Brazil, BRA
129.909, 2016, Oct Average, Brazil, BRA
129.564, 2016, Nov Average, Brazil, BRA
197.271, 2016, Dec Average, Brazil, BRA
