Temperature - (Celsius), Year, Statistics, Country, ISO3
25.4683, 1901, Jan Average, Brazil, BRA
25.8043, 1901, Feb Average, Brazil, BRA
25.4693, 1901, Mar Average, Brazil, BRA
24.6973, 1901, Apr Average, Brazil, BRA
24.4676, 1901, May Average, Brazil, BRA
23.7347, 1901, Jun Average, Brazil, BRA
24.3439, 1901, Jul Average, Brazil, BRA
24.7378, 1901, Aug Average, Brazil, BRA
25.5075, 1901, Sep Average, Brazil, BRA
25.9618, 1901, Oct Average, Brazil, BRA
25.3973, 1901, Nov Average, Brazil, BRA
25.2347, 1901, Dec Average, Brazil, BRA
25.4001, 1902, Jan Average, Brazil, BRA
25.8936, 1902, Feb Average, Brazil, BRA
25.4911, 1902, Mar Average, Brazil, BRA
25.3788, 1902, Apr Average, Brazil, BRA
25.1326, 1902, May Average, Brazil, BRA
24.7454, 1902, Jun Average, Brazil, BRA
24.3797, 1902, Jul Average, Brazil, BRA
23.6272, 1902, Aug Average, Brazil, BRA
25.5495, 1902, Sep Average, Brazil, BRA
25.3896, 1902, Oct Average, Brazil, BRA
26.1347, 1902, Nov Average, Brazil, BRA
26.1153, 1902, Dec Average, Brazil, BRA
25.3852, 1903, Jan Average, Brazil, BRA
25.8848, 1903, Feb Average, Brazil, BRA
25.8242, 1903, Mar Average, Brazil, BRA
24.9878, 1903, Apr Average, Brazil, BRA
24.0358, 1903, May Average, Brazil, BRA
24.2085, 1903, Jun Average, Brazil, BRA
23.9851, 1903, Jul Average, Brazil, BRA
24.0806, 1903, Aug Average, Brazil, BRA
25.2095, 1903, Sep Average, Brazil, BRA
25.161, 1903, Oct Average, Brazil, BRA
25.1546, 1903, Nov Average, Brazil, BRA
25.6395, 1903, Dec Average, Brazil, BRA
24.887, 1904, Jan Average, Brazil, BRA
25.208, 1904, Feb Average, Brazil, BRA
25.086, 1904, Mar Average, Brazil, BRA
24.8793, 1904, Apr Average, Brazil, BRA
23.4627, 1904, May Average, Brazil, BRA
23.0324, 1904, Jun Average, Brazil, BRA
23.6819, 1904, Jul Average, Brazil, BRA
23.7694, 1904, Aug Average, Brazil, BRA
25.011, 1904, Sep Average, Brazil, BRA
25.0449, 1904, Oct Average, Brazil, BRA
25.3574, 1904, Nov Average, Brazil, BRA
25.1986, 1904, Dec Average, Brazil, BRA
25.1, 1905, Jan Average, Brazil, BRA
25.4632, 1905, Feb Average, Brazil, BRA
24.887, 1905, Mar Average, Brazil, BRA
24.5941, 1905, Apr Average, Brazil, BRA
24.7704, 1905, May Average, Brazil, BRA
24.0993, 1905, Jun Average, Brazil, BRA
23.6716, 1905, Jul Average, Brazil, BRA
24.3039, 1905, Aug Average, Brazil, BRA
25.1741, 1905, Sep Average, Brazil, BRA
26.4415, 1905, Oct Average, Brazil, BRA
25.6957, 1905, Nov Average, Brazil, BRA
25.6896, 1905, Dec Average, Brazil, BRA
25.1633, 1906, Jan Average, Brazil, BRA
25.3581, 1906, Feb Average, Brazil, BRA
25.2973, 1906, Mar Average, Brazil, BRA
24.8865, 1906, Apr Average, Brazil, BRA
24.7517, 1906, May Average, Brazil, BRA
22.9659, 1906, Jun Average, Brazil, BRA
23.7724, 1906, Jul Average, Brazil, BRA
24.6312, 1906, Aug Average, Brazil, BRA
24.8339, 1906, Sep Average, Brazil, BRA
25.6682, 1906, Oct Average, Brazil, BRA
25.7969, 1906, Nov Average, Brazil, BRA
25.6059, 1906, Dec Average, Brazil, BRA
25.1219, 1907, Jan Average, Brazil, BRA
25.3158, 1907, Feb Average, Brazil, BRA
25.6161, 1907, Mar Average, Brazil, BRA
24.897, 1907, Apr Average, Brazil, BRA
23.7292, 1907, May Average, Brazil, BRA
23.5626, 1907, Jun Average, Brazil, BRA
22.8457, 1907, Jul Average, Brazil, BRA
23.7251, 1907, Aug Average, Brazil, BRA
25.3533, 1907, Sep Average, Brazil, BRA
25.4477, 1907, Oct Average, Brazil, BRA
25.6268, 1907, Nov Average, Brazil, BRA
25.9032, 1907, Dec Average, Brazil, BRA
25.604, 1908, Jan Average, Brazil, BRA
25.8489, 1908, Feb Average, Brazil, BRA
25.4615, 1908, Mar Average, Brazil, BRA
25.1069, 1908, Apr Average, Brazil, BRA
24.4218, 1908, May Average, Brazil, BRA
23.8241, 1908, Jun Average, Brazil, BRA
24.1359, 1908, Jul Average, Brazil, BRA
23.3813, 1908, Aug Average, Brazil, BRA
25.4029, 1908, Sep Average, Brazil, BRA
24.8929, 1908, Oct Average, Brazil, BRA
25.3033, 1908, Nov Average, Brazil, BRA
25.9486, 1908, Dec Average, Brazil, BRA
25.8689, 1909, Jan Average, Brazil, BRA
25.8887, 1909, Feb Average, Brazil, BRA
25.4461, 1909, Mar Average, Brazil, BRA
25.1319, 1909, Apr Average, Brazil, BRA
23.4227, 1909, May Average, Brazil, BRA
23.4229, 1909, Jun Average, Brazil, BRA
23.6302, 1909, Jul Average, Brazil, BRA
24.3216, 1909, Aug Average, Brazil, BRA
25.2606, 1909, Sep Average, Brazil, BRA
25.2685, 1909, Oct Average, Brazil, BRA
25.6112, 1909, Nov Average, Brazil, BRA
25.2662, 1909, Dec Average, Brazil, BRA
25.6292, 1910, Jan Average, Brazil, BRA
25.6696, 1910, Feb Average, Brazil, BRA
25.2147, 1910, Mar Average, Brazil, BRA
25.1374, 1910, Apr Average, Brazil, BRA
23.4242, 1910, May Average, Brazil, BRA
23.8156, 1910, Jun Average, Brazil, BRA
23.5479, 1910, Jul Average, Brazil, BRA
24.4579, 1910, Aug Average, Brazil, BRA
25.2422, 1910, Sep Average, Brazil, BRA
25.2018, 1910, Oct Average, Brazil, BRA
25.3266, 1910, Nov Average, Brazil, BRA
25.353, 1910, Dec Average, Brazil, BRA
25.2535, 1911, Jan Average, Brazil, BRA
25.6683, 1911, Feb Average, Brazil, BRA
24.7454, 1911, Mar Average, Brazil, BRA
24.6861, 1911, Apr Average, Brazil, BRA
24.1423, 1911, May Average, Brazil, BRA
22.8821, 1911, Jun Average, Brazil, BRA
22.8789, 1911, Jul Average, Brazil, BRA
23.8448, 1911, Aug Average, Brazil, BRA
24.8412, 1911, Sep Average, Brazil, BRA
25.2973, 1911, Oct Average, Brazil, BRA
26.0171, 1911, Nov Average, Brazil, BRA
25.8803, 1911, Dec Average, Brazil, BRA
26.0146, 1912, Jan Average, Brazil, BRA
26.1464, 1912, Feb Average, Brazil, BRA
25.646, 1912, Mar Average, Brazil, BRA
25.2869, 1912, Apr Average, Brazil, BRA
24.4611, 1912, May Average, Brazil, BRA
23.4203, 1912, Jun Average, Brazil, BRA
22.1918, 1912, Jul Average, Brazil, BRA
24.0629, 1912, Aug Average, Brazil, BRA
24.0883, 1912, Sep Average, Brazil, BRA
25.018, 1912, Oct Average, Brazil, BRA
25.7296, 1912, Nov Average, Brazil, BRA
25.191, 1912, Dec Average, Brazil, BRA
25.1092, 1913, Jan Average, Brazil, BRA
25.466, 1913, Feb Average, Brazil, BRA
25.2451, 1913, Mar Average, Brazil, BRA
25.0587, 1913, Apr Average, Brazil, BRA
23.7411, 1913, May Average, Brazil, BRA
23.0276, 1913, Jun Average, Brazil, BRA
23.4907, 1913, Jul Average, Brazil, BRA
23.6704, 1913, Aug Average, Brazil, BRA
24.7022, 1913, Sep Average, Brazil, BRA
25.3412, 1913, Oct Average, Brazil, BRA
25.7098, 1913, Nov Average, Brazil, BRA
25.2489, 1913, Dec Average, Brazil, BRA
25.7606, 1914, Jan Average, Brazil, BRA
25.4082, 1914, Feb Average, Brazil, BRA
25.7264, 1914, Mar Average, Brazil, BRA
24.842, 1914, Apr Average, Brazil, BRA
23.6181, 1914, May Average, Brazil, BRA
24.0308, 1914, Jun Average, Brazil, BRA
24.0822, 1914, Jul Average, Brazil, BRA
23.6534, 1914, Aug Average, Brazil, BRA
25.168, 1914, Sep Average, Brazil, BRA
25.4343, 1914, Oct Average, Brazil, BRA
25.8132, 1914, Nov Average, Brazil, BRA
25.5386, 1914, Dec Average, Brazil, BRA
25.8479, 1915, Jan Average, Brazil, BRA
25.8528, 1915, Feb Average, Brazil, BRA
25.5717, 1915, Mar Average, Brazil, BRA
25.6822, 1915, Apr Average, Brazil, BRA
25.4469, 1915, May Average, Brazil, BRA
23.0355, 1915, Jun Average, Brazil, BRA
23.6478, 1915, Jul Average, Brazil, BRA
24.412, 1915, Aug Average, Brazil, BRA
24.6752, 1915, Sep Average, Brazil, BRA
25.4978, 1915, Oct Average, Brazil, BRA
25.244, 1915, Nov Average, Brazil, BRA
25.3969, 1915, Dec Average, Brazil, BRA
25.438, 1916, Jan Average, Brazil, BRA
25.4356, 1916, Feb Average, Brazil, BRA
25.0349, 1916, Mar Average, Brazil, BRA
24.8506, 1916, Apr Average, Brazil, BRA
23.8947, 1916, May Average, Brazil, BRA
22.45, 1916, Jun Average, Brazil, BRA
22.846, 1916, Jul Average, Brazil, BRA
24.0771, 1916, Aug Average, Brazil, BRA
25.4, 1916, Sep Average, Brazil, BRA
24.9383, 1916, Oct Average, Brazil, BRA
25.1803, 1916, Nov Average, Brazil, BRA
24.9775, 1916, Dec Average, Brazil, BRA
24.9582, 1917, Jan Average, Brazil, BRA
24.7857, 1917, Feb Average, Brazil, BRA
24.7996, 1917, Mar Average, Brazil, BRA
24.2196, 1917, Apr Average, Brazil, BRA
22.5991, 1917, May Average, Brazil, BRA
22.173, 1917, Jun Average, Brazil, BRA
22.2052, 1917, Jul Average, Brazil, BRA
23.1794, 1917, Aug Average, Brazil, BRA
24.3451, 1917, Sep Average, Brazil, BRA
24.9131, 1917, Oct Average, Brazil, BRA
24.9773, 1917, Nov Average, Brazil, BRA
25.0288, 1917, Dec Average, Brazil, BRA
25.0098, 1918, Jan Average, Brazil, BRA
24.7581, 1918, Feb Average, Brazil, BRA
25.1252, 1918, Mar Average, Brazil, BRA
24.6519, 1918, Apr Average, Brazil, BRA
24.0151, 1918, May Average, Brazil, BRA
23.1497, 1918, Jun Average, Brazil, BRA
22.8628, 1918, Jul Average, Brazil, BRA
23.5914, 1918, Aug Average, Brazil, BRA
24.9032, 1918, Sep Average, Brazil, BRA
25.506, 1918, Oct Average, Brazil, BRA
25.6679, 1918, Nov Average, Brazil, BRA
25.4074, 1918, Dec Average, Brazil, BRA
25.5995, 1919, Jan Average, Brazil, BRA
25.9324, 1919, Feb Average, Brazil, BRA
25.8946, 1919, Mar Average, Brazil, BRA
25.1206, 1919, Apr Average, Brazil, BRA
25.1432, 1919, May Average, Brazil, BRA
24.0837, 1919, Jun Average, Brazil, BRA
23.7704, 1919, Jul Average, Brazil, BRA
23.3288, 1919, Aug Average, Brazil, BRA
24.6569, 1919, Sep Average, Brazil, BRA
25.5098, 1919, Oct Average, Brazil, BRA
25.559, 1919, Nov Average, Brazil, BRA
25.3321, 1919, Dec Average, Brazil, BRA
25.5097, 1920, Jan Average, Brazil, BRA
25.5899, 1920, Feb Average, Brazil, BRA
25.3417, 1920, Mar Average, Brazil, BRA
25.0701, 1920, Apr Average, Brazil, BRA
23.7853, 1920, May Average, Brazil, BRA
22.6878, 1920, Jun Average, Brazil, BRA
22.5259, 1920, Jul Average, Brazil, BRA
23.186, 1920, Aug Average, Brazil, BRA
24.8133, 1920, Sep Average, Brazil, BRA
25.7827, 1920, Oct Average, Brazil, BRA
25.5403, 1920, Nov Average, Brazil, BRA
25.1182, 1920, Dec Average, Brazil, BRA
25.1892, 1921, Jan Average, Brazil, BRA
25.3075, 1921, Feb Average, Brazil, BRA
25.1756, 1921, Mar Average, Brazil, BRA
24.45, 1921, Apr Average, Brazil, BRA
24.1902, 1921, May Average, Brazil, BRA
21.9588, 1921, Jun Average, Brazil, BRA
21.7257, 1921, Jul Average, Brazil, BRA
24.0787, 1921, Aug Average, Brazil, BRA
24.5038, 1921, Sep Average, Brazil, BRA
25.1274, 1921, Oct Average, Brazil, BRA
24.7903, 1921, Nov Average, Brazil, BRA
25.586, 1921, Dec Average, Brazil, BRA
25.3199, 1922, Jan Average, Brazil, BRA
25.2787, 1922, Feb Average, Brazil, BRA
25.1012, 1922, Mar Average, Brazil, BRA
24.65, 1922, Apr Average, Brazil, BRA
23.5871, 1922, May Average, Brazil, BRA
22.6759, 1922, Jun Average, Brazil, BRA
22.6542, 1922, Jul Average, Brazil, BRA
23.7923, 1922, Aug Average, Brazil, BRA
24.7149, 1922, Sep Average, Brazil, BRA
24.5112, 1922, Oct Average, Brazil, BRA
25.0317, 1922, Nov Average, Brazil, BRA
24.8842, 1922, Dec Average, Brazil, BRA
25.0143, 1923, Jan Average, Brazil, BRA
25.0925, 1923, Feb Average, Brazil, BRA
25.0323, 1923, Mar Average, Brazil, BRA
24.6046, 1923, Apr Average, Brazil, BRA
23.078, 1923, May Average, Brazil, BRA
23.0226, 1923, Jun Average, Brazil, BRA
22.0846, 1923, Jul Average, Brazil, BRA
23.8291, 1923, Aug Average, Brazil, BRA
24.9233, 1923, Sep Average, Brazil, BRA
25.2503, 1923, Oct Average, Brazil, BRA
25.3373, 1923, Nov Average, Brazil, BRA
25.6699, 1923, Dec Average, Brazil, BRA
25.5219, 1924, Jan Average, Brazil, BRA
25.3909, 1924, Feb Average, Brazil, BRA
25.4307, 1924, Mar Average, Brazil, BRA
24.7874, 1924, Apr Average, Brazil, BRA
23.3916, 1924, May Average, Brazil, BRA
22.9104, 1924, Jun Average, Brazil, BRA
22.6447, 1924, Jul Average, Brazil, BRA
22.7148, 1924, Aug Average, Brazil, BRA
24.3867, 1924, Sep Average, Brazil, BRA
24.2668, 1924, Oct Average, Brazil, BRA
25.1171, 1924, Nov Average, Brazil, BRA
25.0523, 1924, Dec Average, Brazil, BRA
24.8219, 1925, Jan Average, Brazil, BRA
24.9821, 1925, Feb Average, Brazil, BRA
24.6048, 1925, Mar Average, Brazil, BRA
25.0335, 1925, Apr Average, Brazil, BRA
23.8945, 1925, May Average, Brazil, BRA
22.5345, 1925, Jun Average, Brazil, BRA
22.4893, 1925, Jul Average, Brazil, BRA
24.3926, 1925, Aug Average, Brazil, BRA
24.767, 1925, Sep Average, Brazil, BRA
25.029, 1925, Oct Average, Brazil, BRA
25.3953, 1925, Nov Average, Brazil, BRA
25.7015, 1925, Dec Average, Brazil, BRA
25.6124, 1926, Jan Average, Brazil, BRA
25.7099, 1926, Feb Average, Brazil, BRA
25.7765, 1926, Mar Average, Brazil, BRA
25.0367, 1926, Apr Average, Brazil, BRA
23.5108, 1926, May Average, Brazil, BRA
23.6267, 1926, Jun Average, Brazil, BRA
22.7422, 1926, Jul Average, Brazil, BRA
24.1229, 1926, Aug Average, Brazil, BRA
25.5934, 1926, Sep Average, Brazil, BRA
25.4231, 1926, Oct Average, Brazil, BRA
25.8731, 1926, Nov Average, Brazil, BRA
25.2782, 1926, Dec Average, Brazil, BRA
25.0278, 1927, Jan Average, Brazil, BRA
25.1903, 1927, Feb Average, Brazil, BRA
25.0479, 1927, Mar Average, Brazil, BRA
24.6918, 1927, Apr Average, Brazil, BRA
23.5197, 1927, May Average, Brazil, BRA
22.3336, 1927, Jun Average, Brazil, BRA
22.1516, 1927, Jul Average, Brazil, BRA
23.5758, 1927, Aug Average, Brazil, BRA
24.7192, 1927, Sep Average, Brazil, BRA
25.202, 1927, Oct Average, Brazil, BRA
25.6767, 1927, Nov Average, Brazil, BRA
25.3493, 1927, Dec Average, Brazil, BRA
25.4255, 1928, Jan Average, Brazil, BRA
25.6045, 1928, Feb Average, Brazil, BRA
25.2664, 1928, Mar Average, Brazil, BRA
25.3235, 1928, Apr Average, Brazil, BRA
23.9208, 1928, May Average, Brazil, BRA
23.3588, 1928, Jun Average, Brazil, BRA
22.65, 1928, Jul Average, Brazil, BRA
23.1251, 1928, Aug Average, Brazil, BRA
24.5469, 1928, Sep Average, Brazil, BRA
25.0837, 1928, Oct Average, Brazil, BRA
25.5026, 1928, Nov Average, Brazil, BRA
25.1756, 1928, Dec Average, Brazil, BRA
25.5362, 1929, Jan Average, Brazil, BRA
25.3443, 1929, Feb Average, Brazil, BRA
24.9341, 1929, Mar Average, Brazil, BRA
24.2706, 1929, Apr Average, Brazil, BRA
22.9578, 1929, May Average, Brazil, BRA
22.6022, 1929, Jun Average, Brazil, BRA
22.7103, 1929, Jul Average, Brazil, BRA
23.7757, 1929, Aug Average, Brazil, BRA
25.0135, 1929, Sep Average, Brazil, BRA
25.4239, 1929, Oct Average, Brazil, BRA
25.1149, 1929, Nov Average, Brazil, BRA
25.0503, 1929, Dec Average, Brazil, BRA
25.1701, 1930, Jan Average, Brazil, BRA
25.1903, 1930, Feb Average, Brazil, BRA
25.3676, 1930, Mar Average, Brazil, BRA
24.7973, 1930, Apr Average, Brazil, BRA
24.2345, 1930, May Average, Brazil, BRA
24.0898, 1930, Jun Average, Brazil, BRA
22.8803, 1930, Jul Average, Brazil, BRA
24.1531, 1930, Aug Average, Brazil, BRA
24.6836, 1930, Sep Average, Brazil, BRA
25.1471, 1930, Oct Average, Brazil, BRA
25.3142, 1930, Nov Average, Brazil, BRA
25.524, 1930, Dec Average, Brazil, BRA
25.9718, 1931, Jan Average, Brazil, BRA
25.7996, 1931, Feb Average, Brazil, BRA
25.5008, 1931, Mar Average, Brazil, BRA
25.1893, 1931, Apr Average, Brazil, BRA
23.5727, 1931, May Average, Brazil, BRA
22.8827, 1931, Jun Average, Brazil, BRA
23.113, 1931, Jul Average, Brazil, BRA
23.8359, 1931, Aug Average, Brazil, BRA
24.3878, 1931, Sep Average, Brazil, BRA
25.2843, 1931, Oct Average, Brazil, BRA
25.0738, 1931, Nov Average, Brazil, BRA
25.272, 1931, Dec Average, Brazil, BRA
25.0817, 1932, Jan Average, Brazil, BRA
25.5348, 1932, Feb Average, Brazil, BRA
25.189, 1932, Mar Average, Brazil, BRA
25.4137, 1932, Apr Average, Brazil, BRA
23.7851, 1932, May Average, Brazil, BRA
23.3302, 1932, Jun Average, Brazil, BRA
23.9245, 1932, Jul Average, Brazil, BRA
23.5671, 1932, Aug Average, Brazil, BRA
25.0877, 1932, Sep Average, Brazil, BRA
25.4773, 1932, Oct Average, Brazil, BRA
25.868, 1932, Nov Average, Brazil, BRA
25.363, 1932, Dec Average, Brazil, BRA
25.3283, 1933, Jan Average, Brazil, BRA
25.3798, 1933, Feb Average, Brazil, BRA
25.1364, 1933, Mar Average, Brazil, BRA
24.5042, 1933, Apr Average, Brazil, BRA
24.0022, 1933, May Average, Brazil, BRA
22.3647, 1933, Jun Average, Brazil, BRA
22.2281, 1933, Jul Average, Brazil, BRA
23.8812, 1933, Aug Average, Brazil, BRA
25.072, 1933, Sep Average, Brazil, BRA
25.2211, 1933, Oct Average, Brazil, BRA
24.9118, 1933, Nov Average, Brazil, BRA
25.0293, 1933, Dec Average, Brazil, BRA
25.0325, 1934, Jan Average, Brazil, BRA
24.683, 1934, Feb Average, Brazil, BRA
24.8694, 1934, Mar Average, Brazil, BRA
24.313, 1934, Apr Average, Brazil, BRA
23.7748, 1934, May Average, Brazil, BRA
23.3927, 1934, Jun Average, Brazil, BRA
22.8237, 1934, Jul Average, Brazil, BRA
23.7532, 1934, Aug Average, Brazil, BRA
24.7264, 1934, Sep Average, Brazil, BRA
24.6101, 1934, Oct Average, Brazil, BRA
25.328, 1934, Nov Average, Brazil, BRA
25.2509, 1934, Dec Average, Brazil, BRA
25.4039, 1935, Jan Average, Brazil, BRA
25.1689, 1935, Feb Average, Brazil, BRA
25.4308, 1935, Mar Average, Brazil, BRA
24.1885, 1935, Apr Average, Brazil, BRA
23.3501, 1935, May Average, Brazil, BRA
23.3785, 1935, Jun Average, Brazil, BRA
23.2789, 1935, Jul Average, Brazil, BRA
23.8458, 1935, Aug Average, Brazil, BRA
24.6659, 1935, Sep Average, Brazil, BRA
25.4188, 1935, Oct Average, Brazil, BRA
25.3381, 1935, Nov Average, Brazil, BRA
25.8292, 1935, Dec Average, Brazil, BRA
25.2828, 1936, Jan Average, Brazil, BRA
25.2467, 1936, Feb Average, Brazil, BRA
25.3704, 1936, Mar Average, Brazil, BRA
24.98, 1936, Apr Average, Brazil, BRA
24.9754, 1936, May Average, Brazil, BRA
23.7577, 1936, Jun Average, Brazil, BRA
23.038, 1936, Jul Average, Brazil, BRA
23.5562, 1936, Aug Average, Brazil, BRA
25.1528, 1936, Sep Average, Brazil, BRA
25.807, 1936, Oct Average, Brazil, BRA
25.4694, 1936, Nov Average, Brazil, BRA
25.5126, 1936, Dec Average, Brazil, BRA
25.2672, 1937, Jan Average, Brazil, BRA
25.7862, 1937, Feb Average, Brazil, BRA
25.3988, 1937, Mar Average, Brazil, BRA
24.5038, 1937, Apr Average, Brazil, BRA
23.5344, 1937, May Average, Brazil, BRA
23.5884, 1937, Jun Average, Brazil, BRA
23.3354, 1937, Jul Average, Brazil, BRA
24.6706, 1937, Aug Average, Brazil, BRA
24.9987, 1937, Sep Average, Brazil, BRA
25.0631, 1937, Oct Average, Brazil, BRA
25.7409, 1937, Nov Average, Brazil, BRA
25.5956, 1937, Dec Average, Brazil, BRA
25.5863, 1938, Jan Average, Brazil, BRA
25.8182, 1938, Feb Average, Brazil, BRA
25.2123, 1938, Mar Average, Brazil, BRA
24.3964, 1938, Apr Average, Brazil, BRA
23.8403, 1938, May Average, Brazil, BRA
23.2642, 1938, Jun Average, Brazil, BRA
23.3828, 1938, Jul Average, Brazil, BRA
23.6528, 1938, Aug Average, Brazil, BRA
24.952, 1938, Sep Average, Brazil, BRA
25.0054, 1938, Oct Average, Brazil, BRA
25.3691, 1938, Nov Average, Brazil, BRA
25.3657, 1938, Dec Average, Brazil, BRA
25.4732, 1939, Jan Average, Brazil, BRA
25.244, 1939, Feb Average, Brazil, BRA
25.1735, 1939, Mar Average, Brazil, BRA
24.5136, 1939, Apr Average, Brazil, BRA
24.4941, 1939, May Average, Brazil, BRA
23.6604, 1939, Jun Average, Brazil, BRA
22.7843, 1939, Jul Average, Brazil, BRA
24.1466, 1939, Aug Average, Brazil, BRA
24.7008, 1939, Sep Average, Brazil, BRA
25.6383, 1939, Oct Average, Brazil, BRA
25.571, 1939, Nov Average, Brazil, BRA
25.5073, 1939, Dec Average, Brazil, BRA
25.436, 1940, Jan Average, Brazil, BRA
25.6212, 1940, Feb Average, Brazil, BRA
25.4234, 1940, Mar Average, Brazil, BRA
25.0847, 1940, Apr Average, Brazil, BRA
24.7454, 1940, May Average, Brazil, BRA
23.542, 1940, Jun Average, Brazil, BRA
24.1169, 1940, Jul Average, Brazil, BRA
23.8685, 1940, Aug Average, Brazil, BRA
24.9399, 1940, Sep Average, Brazil, BRA
25.4497, 1940, Oct Average, Brazil, BRA
25.3674, 1940, Nov Average, Brazil, BRA
26.2082, 1940, Dec Average, Brazil, BRA
25.8914, 1941, Jan Average, Brazil, BRA
26.0914, 1941, Feb Average, Brazil, BRA
25.6166, 1941, Mar Average, Brazil, BRA
25.9547, 1941, Apr Average, Brazil, BRA
24.6369, 1941, May Average, Brazil, BRA
23.288, 1941, Jun Average, Brazil, BRA
23.605, 1941, Jul Average, Brazil, BRA
24.9002, 1941, Aug Average, Brazil, BRA
24.1376, 1941, Sep Average, Brazil, BRA
25.9012, 1941, Oct Average, Brazil, BRA
25.8276, 1941, Nov Average, Brazil, BRA
25.9884, 1941, Dec Average, Brazil, BRA
26.2745, 1942, Jan Average, Brazil, BRA
25.844, 1942, Feb Average, Brazil, BRA
25.7669, 1942, Mar Average, Brazil, BRA
25.3692, 1942, Apr Average, Brazil, BRA
24.0518, 1942, May Average, Brazil, BRA
22.807, 1942, Jun Average, Brazil, BRA
22.2657, 1942, Jul Average, Brazil, BRA
24.3808, 1942, Aug Average, Brazil, BRA
25.433, 1942, Sep Average, Brazil, BRA
25.6054, 1942, Oct Average, Brazil, BRA
25.9925, 1942, Nov Average, Brazil, BRA
25.4414, 1942, Dec Average, Brazil, BRA
25.4695, 1943, Jan Average, Brazil, BRA
25.467, 1943, Feb Average, Brazil, BRA
25.2015, 1943, Mar Average, Brazil, BRA
24.4649, 1943, Apr Average, Brazil, BRA
24.5287, 1943, May Average, Brazil, BRA
23.5539, 1943, Jun Average, Brazil, BRA
23.3948, 1943, Jul Average, Brazil, BRA
22.931, 1943, Aug Average, Brazil, BRA
24.6528, 1943, Sep Average, Brazil, BRA
26.0527, 1943, Oct Average, Brazil, BRA
25.6773, 1943, Nov Average, Brazil, BRA
25.2767, 1943, Dec Average, Brazil, BRA
25.5053, 1944, Jan Average, Brazil, BRA
25.6769, 1944, Feb Average, Brazil, BRA
25.3903, 1944, Mar Average, Brazil, BRA
24.5684, 1944, Apr Average, Brazil, BRA
24.0672, 1944, May Average, Brazil, BRA
23.6949, 1944, Jun Average, Brazil, BRA
23.2471, 1944, Jul Average, Brazil, BRA
24.9226, 1944, Aug Average, Brazil, BRA
25.6737, 1944, Sep Average, Brazil, BRA
26.352, 1944, Oct Average, Brazil, BRA
25.6233, 1944, Nov Average, Brazil, BRA
26.1191, 1944, Dec Average, Brazil, BRA
25.7437, 1945, Jan Average, Brazil, BRA
25.5006, 1945, Feb Average, Brazil, BRA
25.5211, 1945, Mar Average, Brazil, BRA
25.108, 1945, Apr Average, Brazil, BRA
23.3294, 1945, May Average, Brazil, BRA
22.6613, 1945, Jun Average, Brazil, BRA
23.3764, 1945, Jul Average, Brazil, BRA
25.1626, 1945, Aug Average, Brazil, BRA
25.3612, 1945, Sep Average, Brazil, BRA
25.7163, 1945, Oct Average, Brazil, BRA
25.6257, 1945, Nov Average, Brazil, BRA
25.3638, 1945, Dec Average, Brazil, BRA
25.2535, 1946, Jan Average, Brazil, BRA
25.8427, 1946, Feb Average, Brazil, BRA
25.3472, 1946, Mar Average, Brazil, BRA
24.705, 1946, Apr Average, Brazil, BRA
24.4179, 1946, May Average, Brazil, BRA
23.3096, 1946, Jun Average, Brazil, BRA
23.0142, 1946, Jul Average, Brazil, BRA
24.1661, 1946, Aug Average, Brazil, BRA
25.5918, 1946, Sep Average, Brazil, BRA
25.7048, 1946, Oct Average, Brazil, BRA
25.9741, 1946, Nov Average, Brazil, BRA
25.5035, 1946, Dec Average, Brazil, BRA
25.5769, 1947, Jan Average, Brazil, BRA
25.7861, 1947, Feb Average, Brazil, BRA
25.197, 1947, Mar Average, Brazil, BRA
24.8739, 1947, Apr Average, Brazil, BRA
24.1485, 1947, May Average, Brazil, BRA
23.8407, 1947, Jun Average, Brazil, BRA
22.7125, 1947, Jul Average, Brazil, BRA
23.8963, 1947, Aug Average, Brazil, BRA
24.9416, 1947, Sep Average, Brazil, BRA
25.0967, 1947, Oct Average, Brazil, BRA
25.2798, 1947, Nov Average, Brazil, BRA
25.1086, 1947, Dec Average, Brazil, BRA
25.7172, 1948, Jan Average, Brazil, BRA
25.5261, 1948, Feb Average, Brazil, BRA
24.9805, 1948, Mar Average, Brazil, BRA
24.7678, 1948, Apr Average, Brazil, BRA
24.0728, 1948, May Average, Brazil, BRA
23.7581, 1948, Jun Average, Brazil, BRA
23.7468, 1948, Jul Average, Brazil, BRA
23.8346, 1948, Aug Average, Brazil, BRA
25.1831, 1948, Sep Average, Brazil, BRA
25.3841, 1948, Oct Average, Brazil, BRA
25.3842, 1948, Nov Average, Brazil, BRA
25.5755, 1948, Dec Average, Brazil, BRA
25.2529, 1949, Jan Average, Brazil, BRA
25.0222, 1949, Feb Average, Brazil, BRA
25.5203, 1949, Mar Average, Brazil, BRA
24.216, 1949, Apr Average, Brazil, BRA
23.5454, 1949, May Average, Brazil, BRA
23.6226, 1949, Jun Average, Brazil, BRA
22.8644, 1949, Jul Average, Brazil, BRA
23.712, 1949, Aug Average, Brazil, BRA
25.0342, 1949, Sep Average, Brazil, BRA
25.0234, 1949, Oct Average, Brazil, BRA
25.4499, 1949, Nov Average, Brazil, BRA
25.4862, 1949, Dec Average, Brazil, BRA
25.2379, 1950, Jan Average, Brazil, BRA
25.2337, 1950, Feb Average, Brazil, BRA
24.6584, 1950, Mar Average, Brazil, BRA
24.5992, 1950, Apr Average, Brazil, BRA
24.0285, 1950, May Average, Brazil, BRA
23.3648, 1950, Jun Average, Brazil, BRA
22.9098, 1950, Jul Average, Brazil, BRA
24.0145, 1950, Aug Average, Brazil, BRA
25.1628, 1950, Sep Average, Brazil, BRA
25.0502, 1950, Oct Average, Brazil, BRA
25.2693, 1950, Nov Average, Brazil, BRA
25.249, 1950, Dec Average, Brazil, BRA
25.0847, 1951, Jan Average, Brazil, BRA
25.2098, 1951, Feb Average, Brazil, BRA
25.2896, 1951, Mar Average, Brazil, BRA
23.8485, 1951, Apr Average, Brazil, BRA
23.8918, 1951, May Average, Brazil, BRA
22.9105, 1951, Jun Average, Brazil, BRA
22.8455, 1951, Jul Average, Brazil, BRA
23.8464, 1951, Aug Average, Brazil, BRA
25.3294, 1951, Sep Average, Brazil, BRA
25.7419, 1951, Oct Average, Brazil, BRA
25.6954, 1951, Nov Average, Brazil, BRA
25.3324, 1951, Dec Average, Brazil, BRA
25.9079, 1952, Jan Average, Brazil, BRA
25.908, 1952, Feb Average, Brazil, BRA
25.5428, 1952, Mar Average, Brazil, BRA
24.3725, 1952, Apr Average, Brazil, BRA
24.0214, 1952, May Average, Brazil, BRA
22.5082, 1952, Jun Average, Brazil, BRA
23.2099, 1952, Jul Average, Brazil, BRA
24.3507, 1952, Aug Average, Brazil, BRA
24.8947, 1952, Sep Average, Brazil, BRA
25.6094, 1952, Oct Average, Brazil, BRA
25.4196, 1952, Nov Average, Brazil, BRA
25.3959, 1952, Dec Average, Brazil, BRA
25.7064, 1953, Jan Average, Brazil, BRA
25.5873, 1953, Feb Average, Brazil, BRA
25.4513, 1953, Mar Average, Brazil, BRA
24.6096, 1953, Apr Average, Brazil, BRA
24.3607, 1953, May Average, Brazil, BRA
23.3842, 1953, Jun Average, Brazil, BRA
22.2713, 1953, Jul Average, Brazil, BRA
24.7968, 1953, Aug Average, Brazil, BRA
25.6091, 1953, Sep Average, Brazil, BRA
25.4333, 1953, Oct Average, Brazil, BRA
25.6975, 1953, Nov Average, Brazil, BRA
25.4746, 1953, Dec Average, Brazil, BRA
25.5085, 1954, Jan Average, Brazil, BRA
25.6897, 1954, Feb Average, Brazil, BRA
25.2565, 1954, Mar Average, Brazil, BRA
25.1274, 1954, Apr Average, Brazil, BRA
23.9342, 1954, May Average, Brazil, BRA
23.6967, 1954, Jun Average, Brazil, BRA
23.0944, 1954, Jul Average, Brazil, BRA
24.2118, 1954, Aug Average, Brazil, BRA
25.4255, 1954, Sep Average, Brazil, BRA
25.6143, 1954, Oct Average, Brazil, BRA
25.6291, 1954, Nov Average, Brazil, BRA
25.4891, 1954, Dec Average, Brazil, BRA
25.3465, 1955, Jan Average, Brazil, BRA
25.4878, 1955, Feb Average, Brazil, BRA
25.1825, 1955, Mar Average, Brazil, BRA
24.5954, 1955, Apr Average, Brazil, BRA
23.7629, 1955, May Average, Brazil, BRA
23.4798, 1955, Jun Average, Brazil, BRA
22.3955, 1955, Jul Average, Brazil, BRA
24.1201, 1955, Aug Average, Brazil, BRA
25.3672, 1955, Sep Average, Brazil, BRA
25.3152, 1955, Oct Average, Brazil, BRA
25.3735, 1955, Nov Average, Brazil, BRA
25.3261, 1955, Dec Average, Brazil, BRA
25.2828, 1956, Jan Average, Brazil, BRA
25.0841, 1956, Feb Average, Brazil, BRA
25.2133, 1956, Mar Average, Brazil, BRA
24.2314, 1956, Apr Average, Brazil, BRA
23.2779, 1956, May Average, Brazil, BRA
22.3248, 1956, Jun Average, Brazil, BRA
22.8735, 1956, Jul Average, Brazil, BRA
23.2069, 1956, Aug Average, Brazil, BRA
25.0539, 1956, Sep Average, Brazil, BRA
25.2182, 1956, Oct Average, Brazil, BRA
25.0691, 1956, Nov Average, Brazil, BRA
25.3985, 1956, Dec Average, Brazil, BRA
24.9132, 1957, Jan Average, Brazil, BRA
25.2347, 1957, Feb Average, Brazil, BRA
24.9441, 1957, Mar Average, Brazil, BRA
24.3369, 1957, Apr Average, Brazil, BRA
24.4681, 1957, May Average, Brazil, BRA
23.515, 1957, Jun Average, Brazil, BRA
22.5139, 1957, Jul Average, Brazil, BRA
24.3215, 1957, Aug Average, Brazil, BRA
24.9271, 1957, Sep Average, Brazil, BRA
25.9349, 1957, Oct Average, Brazil, BRA
25.564, 1957, Nov Average, Brazil, BRA
26.0135, 1957, Dec Average, Brazil, BRA
26.0311, 1958, Jan Average, Brazil, BRA
26.3218, 1958, Feb Average, Brazil, BRA
25.5971, 1958, Mar Average, Brazil, BRA
25.1078, 1958, Apr Average, Brazil, BRA
24.3534, 1958, May Average, Brazil, BRA
24.1213, 1958, Jun Average, Brazil, BRA
24.1276, 1958, Jul Average, Brazil, BRA
23.9122, 1958, Aug Average, Brazil, BRA
25.3494, 1958, Sep Average, Brazil, BRA
25.731, 1958, Oct Average, Brazil, BRA
25.7322, 1958, Nov Average, Brazil, BRA
25.969, 1958, Dec Average, Brazil, BRA
25.5507, 1959, Jan Average, Brazil, BRA
25.7786, 1959, Feb Average, Brazil, BRA
25.2779, 1959, Mar Average, Brazil, BRA
25.5452, 1959, Apr Average, Brazil, BRA
24.3555, 1959, May Average, Brazil, BRA
23.3847, 1959, Jun Average, Brazil, BRA
23.83, 1959, Jul Average, Brazil, BRA
24.1106, 1959, Aug Average, Brazil, BRA
25.334, 1959, Sep Average, Brazil, BRA
25.8712, 1959, Oct Average, Brazil, BRA
25.5119, 1959, Nov Average, Brazil, BRA
25.9098, 1959, Dec Average, Brazil, BRA
25.5589, 1960, Jan Average, Brazil, BRA
25.5085, 1960, Feb Average, Brazil, BRA
25.1585, 1960, Mar Average, Brazil, BRA
24.7232, 1960, Apr Average, Brazil, BRA
23.3262, 1960, May Average, Brazil, BRA
23.2203, 1960, Jun Average, Brazil, BRA
23.1235, 1960, Jul Average, Brazil, BRA
24.0414, 1960, Aug Average, Brazil, BRA
25.2906, 1960, Sep Average, Brazil, BRA
25.9007, 1960, Oct Average, Brazil, BRA
25.371, 1960, Nov Average, Brazil, BRA
25.5653, 1960, Dec Average, Brazil, BRA
25.6757, 1961, Jan Average, Brazil, BRA
25.4984, 1961, Feb Average, Brazil, BRA
25.5365, 1961, Mar Average, Brazil, BRA
25.301, 1961, Apr Average, Brazil, BRA
24.4658, 1961, May Average, Brazil, BRA
23.2587, 1961, Jun Average, Brazil, BRA
23.5458, 1961, Jul Average, Brazil, BRA
25.1655, 1961, Aug Average, Brazil, BRA
26.2514, 1961, Sep Average, Brazil, BRA
26.1581, 1961, Oct Average, Brazil, BRA
26.0869, 1961, Nov Average, Brazil, BRA
25.4432, 1961, Dec Average, Brazil, BRA
25.5758, 1962, Jan Average, Brazil, BRA
25.6704, 1962, Feb Average, Brazil, BRA
25.6064, 1962, Mar Average, Brazil, BRA
24.8705, 1962, Apr Average, Brazil, BRA
23.9019, 1962, May Average, Brazil, BRA
22.9148, 1962, Jun Average, Brazil, BRA
22.5777, 1962, Jul Average, Brazil, BRA
24.4112, 1962, Aug Average, Brazil, BRA
25.8153, 1962, Sep Average, Brazil, BRA
25.2797, 1962, Oct Average, Brazil, BRA
26.0716, 1962, Nov Average, Brazil, BRA
25.7458, 1962, Dec Average, Brazil, BRA
25.8617, 1963, Jan Average, Brazil, BRA
25.3884, 1963, Feb Average, Brazil, BRA
25.6087, 1963, Mar Average, Brazil, BRA
25.1105, 1963, Apr Average, Brazil, BRA
23.9397, 1963, May Average, Brazil, BRA
23.0859, 1963, Jun Average, Brazil, BRA
23.6093, 1963, Jul Average, Brazil, BRA
24.896, 1963, Aug Average, Brazil, BRA
26.1908, 1963, Sep Average, Brazil, BRA
27.096, 1963, Oct Average, Brazil, BRA
26.2858, 1963, Nov Average, Brazil, BRA
25.9114, 1963, Dec Average, Brazil, BRA
25.8225, 1964, Jan Average, Brazil, BRA
26.0198, 1964, Feb Average, Brazil, BRA
25.5102, 1964, Mar Average, Brazil, BRA
25.3251, 1964, Apr Average, Brazil, BRA
24.0306, 1964, May Average, Brazil, BRA
22.9162, 1964, Jun Average, Brazil, BRA
22.9876, 1964, Jul Average, Brazil, BRA
24.602, 1964, Aug Average, Brazil, BRA
25.3985, 1964, Sep Average, Brazil, BRA
25.1414, 1964, Oct Average, Brazil, BRA
25.1479, 1964, Nov Average, Brazil, BRA
25.279, 1964, Dec Average, Brazil, BRA
25.4036, 1965, Jan Average, Brazil, BRA
25.5993, 1965, Feb Average, Brazil, BRA
24.8157, 1965, Mar Average, Brazil, BRA
24.7844, 1965, Apr Average, Brazil, BRA
24.4066, 1965, May Average, Brazil, BRA
23.8641, 1965, Jun Average, Brazil, BRA
23.5337, 1965, Jul Average, Brazil, BRA
24.592, 1965, Aug Average, Brazil, BRA
25.8618, 1965, Sep Average, Brazil, BRA
25.9486, 1965, Oct Average, Brazil, BRA
25.8345, 1965, Nov Average, Brazil, BRA
25.9419, 1965, Dec Average, Brazil, BRA
26.1386, 1966, Jan Average, Brazil, BRA
26.0293, 1966, Feb Average, Brazil, BRA
25.7159, 1966, Mar Average, Brazil, BRA
25.2121, 1966, Apr Average, Brazil, BRA
24.5689, 1966, May Average, Brazil, BRA
23.8725, 1966, Jun Average, Brazil, BRA
23.5716, 1966, Jul Average, Brazil, BRA
24.0519, 1966, Aug Average, Brazil, BRA
24.979, 1966, Sep Average, Brazil, BRA
26.1427, 1966, Oct Average, Brazil, BRA
25.8076, 1966, Nov Average, Brazil, BRA
25.9908, 1966, Dec Average, Brazil, BRA
25.726, 1967, Jan Average, Brazil, BRA
25.5474, 1967, Feb Average, Brazil, BRA
25.2475, 1967, Mar Average, Brazil, BRA
24.9026, 1967, Apr Average, Brazil, BRA
24.7259, 1967, May Average, Brazil, BRA
23.1971, 1967, Jun Average, Brazil, BRA
23.4257, 1967, Jul Average, Brazil, BRA
24.7802, 1967, Aug Average, Brazil, BRA
25.7606, 1967, Sep Average, Brazil, BRA
26.2729, 1967, Oct Average, Brazil, BRA
25.6561, 1967, Nov Average, Brazil, BRA
25.715, 1967, Dec Average, Brazil, BRA
25.4964, 1968, Jan Average, Brazil, BRA
25.3294, 1968, Feb Average, Brazil, BRA
25.134, 1968, Mar Average, Brazil, BRA
24.2358, 1968, Apr Average, Brazil, BRA
22.9304, 1968, May Average, Brazil, BRA
23.17, 1968, Jun Average, Brazil, BRA
23.4204, 1968, Jul Average, Brazil, BRA
24.2339, 1968, Aug Average, Brazil, BRA
24.7632, 1968, Sep Average, Brazil, BRA
25.9717, 1968, Oct Average, Brazil, BRA
26.1075, 1968, Nov Average, Brazil, BRA
25.7588, 1968, Dec Average, Brazil, BRA
25.875, 1969, Jan Average, Brazil, BRA
26.2337, 1969, Feb Average, Brazil, BRA
26.0486, 1969, Mar Average, Brazil, BRA
25.4637, 1969, Apr Average, Brazil, BRA
24.8865, 1969, May Average, Brazil, BRA
23.8625, 1969, Jun Average, Brazil, BRA
23.6474, 1969, Jul Average, Brazil, BRA
24.479, 1969, Aug Average, Brazil, BRA
25.9805, 1969, Sep Average, Brazil, BRA
25.7028, 1969, Oct Average, Brazil, BRA
26.308, 1969, Nov Average, Brazil, BRA
25.5473, 1969, Dec Average, Brazil, BRA
25.8234, 1970, Jan Average, Brazil, BRA
25.8572, 1970, Feb Average, Brazil, BRA
25.6739, 1970, Mar Average, Brazil, BRA
25.4267, 1970, Apr Average, Brazil, BRA
24.8149, 1970, May Average, Brazil, BRA
23.9376, 1970, Jun Average, Brazil, BRA
23.3812, 1970, Jul Average, Brazil, BRA
24.2707, 1970, Aug Average, Brazil, BRA
25.2236, 1970, Sep Average, Brazil, BRA
25.9472, 1970, Oct Average, Brazil, BRA
25.5904, 1970, Nov Average, Brazil, BRA
26.1844, 1970, Dec Average, Brazil, BRA
25.6139, 1971, Jan Average, Brazil, BRA
25.2859, 1971, Feb Average, Brazil, BRA
25.3592, 1971, Mar Average, Brazil, BRA
24.4084, 1971, Apr Average, Brazil, BRA
23.4828, 1971, May Average, Brazil, BRA
22.5684, 1971, Jun Average, Brazil, BRA
23.022, 1971, Jul Average, Brazil, BRA
23.8244, 1971, Aug Average, Brazil, BRA
24.9519, 1971, Sep Average, Brazil, BRA
24.7553, 1971, Oct Average, Brazil, BRA
25.116, 1971, Nov Average, Brazil, BRA
25.7265, 1971, Dec Average, Brazil, BRA
25.2003, 1972, Jan Average, Brazil, BRA
25.2349, 1972, Feb Average, Brazil, BRA
25.5643, 1972, Mar Average, Brazil, BRA
24.4832, 1972, Apr Average, Brazil, BRA
24.5186, 1972, May Average, Brazil, BRA
24.3302, 1972, Jun Average, Brazil, BRA
23.601, 1972, Jul Average, Brazil, BRA
24.1567, 1972, Aug Average, Brazil, BRA
25.2934, 1972, Sep Average, Brazil, BRA
25.773, 1972, Oct Average, Brazil, BRA
26.126, 1972, Nov Average, Brazil, BRA
26.1176, 1972, Dec Average, Brazil, BRA
26.4473, 1973, Jan Average, Brazil, BRA
26.323, 1973, Feb Average, Brazil, BRA
26.0942, 1973, Mar Average, Brazil, BRA
25.819, 1973, Apr Average, Brazil, BRA
24.2352, 1973, May Average, Brazil, BRA
23.9831, 1973, Jun Average, Brazil, BRA
22.8785, 1973, Jul Average, Brazil, BRA
23.6984, 1973, Aug Average, Brazil, BRA
24.7812, 1973, Sep Average, Brazil, BRA
25.7597, 1973, Oct Average, Brazil, BRA
25.4344, 1973, Nov Average, Brazil, BRA
25.5076, 1973, Dec Average, Brazil, BRA
25.2484, 1974, Jan Average, Brazil, BRA
25.3404, 1974, Feb Average, Brazil, BRA
24.7578, 1974, Mar Average, Brazil, BRA
24.6087, 1974, Apr Average, Brazil, BRA
23.7818, 1974, May Average, Brazil, BRA
22.9627, 1974, Jun Average, Brazil, BRA
22.7203, 1974, Jul Average, Brazil, BRA
23.8054, 1974, Aug Average, Brazil, BRA
24.8112, 1974, Sep Average, Brazil, BRA
25.0914, 1974, Oct Average, Brazil, BRA
25.298, 1974, Nov Average, Brazil, BRA
24.892, 1974, Dec Average, Brazil, BRA
24.9628, 1975, Jan Average, Brazil, BRA
25.3225, 1975, Feb Average, Brazil, BRA
25.1537, 1975, Mar Average, Brazil, BRA
24.6507, 1975, Apr Average, Brazil, BRA
23.6722, 1975, May Average, Brazil, BRA
23.1252, 1975, Jun Average, Brazil, BRA
22.2264, 1975, Jul Average, Brazil, BRA
23.9431, 1975, Aug Average, Brazil, BRA
25.1385, 1975, Sep Average, Brazil, BRA
25.3244, 1975, Oct Average, Brazil, BRA
25.2785, 1975, Nov Average, Brazil, BRA
25.2825, 1975, Dec Average, Brazil, BRA
25.197, 1976, Jan Average, Brazil, BRA
25.0006, 1976, Feb Average, Brazil, BRA
24.8151, 1976, Mar Average, Brazil, BRA
24.5189, 1976, Apr Average, Brazil, BRA
23.7238, 1976, May Average, Brazil, BRA
22.7079, 1976, Jun Average, Brazil, BRA
22.883, 1976, Jul Average, Brazil, BRA
24.2148, 1976, Aug Average, Brazil, BRA
24.5038, 1976, Sep Average, Brazil, BRA
25.3091, 1976, Oct Average, Brazil, BRA
25.2898, 1976, Nov Average, Brazil, BRA
25.5567, 1976, Dec Average, Brazil, BRA
25.5046, 1977, Jan Average, Brazil, BRA
25.5587, 1977, Feb Average, Brazil, BRA
25.6569, 1977, Mar Average, Brazil, BRA
24.8021, 1977, Apr Average, Brazil, BRA
23.7289, 1977, May Average, Brazil, BRA
23.4242, 1977, Jun Average, Brazil, BRA
24.135, 1977, Jul Average, Brazil, BRA
24.2936, 1977, Aug Average, Brazil, BRA
25.2151, 1977, Sep Average, Brazil, BRA
25.6654, 1977, Oct Average, Brazil, BRA
25.7022, 1977, Nov Average, Brazil, BRA
25.6008, 1977, Dec Average, Brazil, BRA
25.6416, 1978, Jan Average, Brazil, BRA
25.7818, 1978, Feb Average, Brazil, BRA
25.4504, 1978, Mar Average, Brazil, BRA
24.7718, 1978, Apr Average, Brazil, BRA
23.8761, 1978, May Average, Brazil, BRA
22.929, 1978, Jun Average, Brazil, BRA
23.7564, 1978, Jul Average, Brazil, BRA
23.2909, 1978, Aug Average, Brazil, BRA
24.819, 1978, Sep Average, Brazil, BRA
25.6858, 1978, Oct Average, Brazil, BRA
25.655, 1978, Nov Average, Brazil, BRA
25.556, 1978, Dec Average, Brazil, BRA
25.1898, 1979, Jan Average, Brazil, BRA
25.5682, 1979, Feb Average, Brazil, BRA
25.2585, 1979, Mar Average, Brazil, BRA
24.8124, 1979, Apr Average, Brazil, BRA
24.1776, 1979, May Average, Brazil, BRA
22.5602, 1979, Jun Average, Brazil, BRA
23.0093, 1979, Jul Average, Brazil, BRA
24.6584, 1979, Aug Average, Brazil, BRA
24.7002, 1979, Sep Average, Brazil, BRA
25.9087, 1979, Oct Average, Brazil, BRA
25.6491, 1979, Nov Average, Brazil, BRA
25.6814, 1979, Dec Average, Brazil, BRA
25.4316, 1980, Jan Average, Brazil, BRA
25.5703, 1980, Feb Average, Brazil, BRA
25.666, 1980, Mar Average, Brazil, BRA
25.2862, 1980, Apr Average, Brazil, BRA
24.6646, 1980, May Average, Brazil, BRA
23.331, 1980, Jun Average, Brazil, BRA
23.4788, 1980, Jul Average, Brazil, BRA
24.3718, 1980, Aug Average, Brazil, BRA
24.6684, 1980, Sep Average, Brazil, BRA
25.8318, 1980, Oct Average, Brazil, BRA
25.3648, 1980, Nov Average, Brazil, BRA
25.7155, 1980, Dec Average, Brazil, BRA
25.4733, 1981, Jan Average, Brazil, BRA
25.6851, 1981, Feb Average, Brazil, BRA
25.5808, 1981, Mar Average, Brazil, BRA
25.1272, 1981, Apr Average, Brazil, BRA
24.4937, 1981, May Average, Brazil, BRA
22.7978, 1981, Jun Average, Brazil, BRA
22.2963, 1981, Jul Average, Brazil, BRA
24.0521, 1981, Aug Average, Brazil, BRA
24.7164, 1981, Sep Average, Brazil, BRA
25.1089, 1981, Oct Average, Brazil, BRA
25.6426, 1981, Nov Average, Brazil, BRA
25.7786, 1981, Dec Average, Brazil, BRA
25.3721, 1982, Jan Average, Brazil, BRA
25.5573, 1982, Feb Average, Brazil, BRA
25.3507, 1982, Mar Average, Brazil, BRA
24.6992, 1982, Apr Average, Brazil, BRA
23.897, 1982, May Average, Brazil, BRA
23.7926, 1982, Jun Average, Brazil, BRA
23.6735, 1982, Jul Average, Brazil, BRA
24.329, 1982, Aug Average, Brazil, BRA
24.9699, 1982, Sep Average, Brazil, BRA
25.6909, 1982, Oct Average, Brazil, BRA
25.91, 1982, Nov Average, Brazil, BRA
25.4493, 1982, Dec Average, Brazil, BRA
25.86, 1983, Jan Average, Brazil, BRA
26.1928, 1983, Feb Average, Brazil, BRA
25.7312, 1983, Mar Average, Brazil, BRA
25.7301, 1983, Apr Average, Brazil, BRA
25.1917, 1983, May Average, Brazil, BRA
23.4641, 1983, Jun Average, Brazil, BRA
23.7405, 1983, Jul Average, Brazil, BRA
23.9769, 1983, Aug Average, Brazil, BRA
24.9286, 1983, Sep Average, Brazil, BRA
25.2301, 1983, Oct Average, Brazil, BRA
25.4938, 1983, Nov Average, Brazil, BRA
25.4922, 1983, Dec Average, Brazil, BRA
25.6002, 1984, Jan Average, Brazil, BRA
25.9985, 1984, Feb Average, Brazil, BRA
25.4772, 1984, Mar Average, Brazil, BRA
24.6389, 1984, Apr Average, Brazil, BRA
24.6685, 1984, May Average, Brazil, BRA
23.3908, 1984, Jun Average, Brazil, BRA
23.5112, 1984, Jul Average, Brazil, BRA
23.5421, 1984, Aug Average, Brazil, BRA
24.5822, 1984, Sep Average, Brazil, BRA
25.9594, 1984, Oct Average, Brazil, BRA
25.6991, 1984, Nov Average, Brazil, BRA
25.5004, 1984, Dec Average, Brazil, BRA
25.4478, 1985, Jan Average, Brazil, BRA
25.5317, 1985, Feb Average, Brazil, BRA
25.5834, 1985, Mar Average, Brazil, BRA
25.0901, 1985, Apr Average, Brazil, BRA
24.3571, 1985, May Average, Brazil, BRA
22.8373, 1985, Jun Average, Brazil, BRA
22.9514, 1985, Jul Average, Brazil, BRA
23.9447, 1985, Aug Average, Brazil, BRA
25.0609, 1985, Sep Average, Brazil, BRA
25.761, 1985, Oct Average, Brazil, BRA
25.7094, 1985, Nov Average, Brazil, BRA
25.6651, 1985, Dec Average, Brazil, BRA
25.5606, 1986, Jan Average, Brazil, BRA
25.5888, 1986, Feb Average, Brazil, BRA
25.3402, 1986, Mar Average, Brazil, BRA
25.4543, 1986, Apr Average, Brazil, BRA
24.8123, 1986, May Average, Brazil, BRA
23.5017, 1986, Jun Average, Brazil, BRA
23.1556, 1986, Jul Average, Brazil, BRA
24.5756, 1986, Aug Average, Brazil, BRA
24.8271, 1986, Sep Average, Brazil, BRA
25.4298, 1986, Oct Average, Brazil, BRA
25.9494, 1986, Nov Average, Brazil, BRA
25.7236, 1986, Dec Average, Brazil, BRA
26.0044, 1987, Jan Average, Brazil, BRA
25.8282, 1987, Feb Average, Brazil, BRA
25.5581, 1987, Mar Average, Brazil, BRA
25.8034, 1987, Apr Average, Brazil, BRA
24.3017, 1987, May Average, Brazil, BRA
23.603, 1987, Jun Average, Brazil, BRA
24.6061, 1987, Jul Average, Brazil, BRA
24.403, 1987, Aug Average, Brazil, BRA
25.3391, 1987, Sep Average, Brazil, BRA
26.5269, 1987, Oct Average, Brazil, BRA
26.3107, 1987, Nov Average, Brazil, BRA
26.3364, 1987, Dec Average, Brazil, BRA
26.3194, 1988, Jan Average, Brazil, BRA
25.934, 1988, Feb Average, Brazil, BRA
26.2444, 1988, Mar Average, Brazil, BRA
25.2936, 1988, Apr Average, Brazil, BRA
24.2397, 1988, May Average, Brazil, BRA
23.0148, 1988, Jun Average, Brazil, BRA
22.6713, 1988, Jul Average, Brazil, BRA
24.4546, 1988, Aug Average, Brazil, BRA
25.6682, 1988, Sep Average, Brazil, BRA
26.0412, 1988, Oct Average, Brazil, BRA
25.765, 1988, Nov Average, Brazil, BRA
25.6627, 1988, Dec Average, Brazil, BRA
25.2576, 1989, Jan Average, Brazil, BRA
25.607, 1989, Feb Average, Brazil, BRA
25.4461, 1989, Mar Average, Brazil, BRA
25.1867, 1989, Apr Average, Brazil, BRA
23.7981, 1989, May Average, Brazil, BRA
23.5131, 1989, Jun Average, Brazil, BRA
22.5967, 1989, Jul Average, Brazil, BRA
24.2501, 1989, Aug Average, Brazil, BRA
24.9491, 1989, Sep Average, Brazil, BRA
25.3974, 1989, Oct Average, Brazil, BRA
25.8613, 1989, Nov Average, Brazil, BRA
25.5666, 1989, Dec Average, Brazil, BRA
25.8285, 1990, Jan Average, Brazil, BRA
25.7224, 1990, Feb Average, Brazil, BRA
26.0304, 1990, Mar Average, Brazil, BRA
25.8547, 1990, Apr Average, Brazil, BRA
24.2099, 1990, May Average, Brazil, BRA
23.4534, 1990, Jun Average, Brazil, BRA
22.8044, 1990, Jul Average, Brazil, BRA
24.2735, 1990, Aug Average, Brazil, BRA
24.6583, 1990, Sep Average, Brazil, BRA
26.2919, 1990, Oct Average, Brazil, BRA
26.479, 1990, Nov Average, Brazil, BRA
26.0116, 1990, Dec Average, Brazil, BRA
25.6309, 1991, Jan Average, Brazil, BRA
25.9331, 1991, Feb Average, Brazil, BRA
25.6195, 1991, Mar Average, Brazil, BRA
25.3122, 1991, Apr Average, Brazil, BRA
24.6685, 1991, May Average, Brazil, BRA
23.9559, 1991, Jun Average, Brazil, BRA
23.2381, 1991, Jul Average, Brazil, BRA
23.9559, 1991, Aug Average, Brazil, BRA
25.2297, 1991, Sep Average, Brazil, BRA
25.5777, 1991, Oct Average, Brazil, BRA
25.9442, 1991, Nov Average, Brazil, BRA
26.0139, 1991, Dec Average, Brazil, BRA
25.7539, 1992, Jan Average, Brazil, BRA
25.6635, 1992, Feb Average, Brazil, BRA
25.5218, 1992, Mar Average, Brazil, BRA
25.2168, 1992, Apr Average, Brazil, BRA
25.0763, 1992, May Average, Brazil, BRA
24.3627, 1992, Jun Average, Brazil, BRA
22.7497, 1992, Jul Average, Brazil, BRA
23.9357, 1992, Aug Average, Brazil, BRA
24.4702, 1992, Sep Average, Brazil, BRA
25.6455, 1992, Oct Average, Brazil, BRA
25.3548, 1992, Nov Average, Brazil, BRA
25.3782, 1992, Dec Average, Brazil, BRA
25.7122, 1993, Jan Average, Brazil, BRA
25.3757, 1993, Feb Average, Brazil, BRA
25.6605, 1993, Mar Average, Brazil, BRA
25.5324, 1993, Apr Average, Brazil, BRA
24.4301, 1993, May Average, Brazil, BRA
23.6868, 1993, Jun Average, Brazil, BRA
23.3538, 1993, Jul Average, Brazil, BRA
24.0561, 1993, Aug Average, Brazil, BRA
25.0921, 1993, Sep Average, Brazil, BRA
26.0299, 1993, Oct Average, Brazil, BRA
25.9032, 1993, Nov Average, Brazil, BRA
25.7751, 1993, Dec Average, Brazil, BRA
25.5768, 1994, Jan Average, Brazil, BRA
25.7538, 1994, Feb Average, Brazil, BRA
25.4201, 1994, Mar Average, Brazil, BRA
25.2587, 1994, Apr Average, Brazil, BRA
24.9608, 1994, May Average, Brazil, BRA
23.6368, 1994, Jun Average, Brazil, BRA
23.2637, 1994, Jul Average, Brazil, BRA
24.2578, 1994, Aug Average, Brazil, BRA
25.4814, 1994, Sep Average, Brazil, BRA
26.1762, 1994, Oct Average, Brazil, BRA
25.8972, 1994, Nov Average, Brazil, BRA
25.9369, 1994, Dec Average, Brazil, BRA
26.165, 1995, Jan Average, Brazil, BRA
25.9884, 1995, Feb Average, Brazil, BRA
25.9259, 1995, Mar Average, Brazil, BRA
25.1272, 1995, Apr Average, Brazil, BRA
24.2585, 1995, May Average, Brazil, BRA
23.8711, 1995, Jun Average, Brazil, BRA
24.2735, 1995, Jul Average, Brazil, BRA
25.0193, 1995, Aug Average, Brazil, BRA
25.7562, 1995, Sep Average, Brazil, BRA
26.1276, 1995, Oct Average, Brazil, BRA
25.9217, 1995, Nov Average, Brazil, BRA
25.8998, 1995, Dec Average, Brazil, BRA
25.9877, 1996, Jan Average, Brazil, BRA
26.1255, 1996, Feb Average, Brazil, BRA
25.5699, 1996, Mar Average, Brazil, BRA
25.2402, 1996, Apr Average, Brazil, BRA
24.479, 1996, May Average, Brazil, BRA
22.9811, 1996, Jun Average, Brazil, BRA
23.4364, 1996, Jul Average, Brazil, BRA
24.6444, 1996, Aug Average, Brazil, BRA
25.0308, 1996, Sep Average, Brazil, BRA
25.9201, 1996, Oct Average, Brazil, BRA
25.6649, 1996, Nov Average, Brazil, BRA
26.2589, 1996, Dec Average, Brazil, BRA
25.6118, 1997, Jan Average, Brazil, BRA
25.8601, 1997, Feb Average, Brazil, BRA
25.2519, 1997, Mar Average, Brazil, BRA
25.1507, 1997, Apr Average, Brazil, BRA
24.3424, 1997, May Average, Brazil, BRA
23.7496, 1997, Jun Average, Brazil, BRA
24.2523, 1997, Jul Average, Brazil, BRA
24.6856, 1997, Aug Average, Brazil, BRA
25.8613, 1997, Sep Average, Brazil, BRA
26.8906, 1997, Oct Average, Brazil, BRA
26.7417, 1997, Nov Average, Brazil, BRA
26.465, 1997, Dec Average, Brazil, BRA
26.7041, 1998, Jan Average, Brazil, BRA
26.8333, 1998, Feb Average, Brazil, BRA
26.357, 1998, Mar Average, Brazil, BRA
26.3255, 1998, Apr Average, Brazil, BRA
24.8441, 1998, May Average, Brazil, BRA
23.9281, 1998, Jun Average, Brazil, BRA
24.5773, 1998, Jul Average, Brazil, BRA
25.4446, 1998, Aug Average, Brazil, BRA
25.7331, 1998, Sep Average, Brazil, BRA
26.4043, 1998, Oct Average, Brazil, BRA
26.031, 1998, Nov Average, Brazil, BRA
26.1804, 1998, Dec Average, Brazil, BRA
26.0825, 1999, Jan Average, Brazil, BRA
26.0898, 1999, Feb Average, Brazil, BRA
25.9152, 1999, Mar Average, Brazil, BRA
25.1308, 1999, Apr Average, Brazil, BRA
24.0045, 1999, May Average, Brazil, BRA
23.7472, 1999, Jun Average, Brazil, BRA
23.801, 1999, Jul Average, Brazil, BRA
24.3559, 1999, Aug Average, Brazil, BRA
25.7298, 1999, Sep Average, Brazil, BRA
25.9712, 1999, Oct Average, Brazil, BRA
25.8139, 1999, Nov Average, Brazil, BRA
26.0335, 1999, Dec Average, Brazil, BRA
25.8922, 2000, Jan Average, Brazil, BRA
25.7304, 2000, Feb Average, Brazil, BRA
25.5237, 2000, Mar Average, Brazil, BRA
25.298, 2000, Apr Average, Brazil, BRA
24.6587, 2000, May Average, Brazil, BRA
24.0279, 2000, Jun Average, Brazil, BRA
22.8954, 2000, Jul Average, Brazil, BRA
24.8073, 2000, Aug Average, Brazil, BRA
25.1792, 2000, Sep Average, Brazil, BRA
26.5293, 2000, Oct Average, Brazil, BRA
25.8763, 2000, Nov Average, Brazil, BRA
25.8833, 2000, Dec Average, Brazil, BRA
25.889, 2001, Jan Average, Brazil, BRA
26.1098, 2001, Feb Average, Brazil, BRA
25.9956, 2001, Mar Average, Brazil, BRA
25.844, 2001, Apr Average, Brazil, BRA
24.7001, 2001, May Average, Brazil, BRA
23.2559, 2001, Jun Average, Brazil, BRA
24.2577, 2001, Jul Average, Brazil, BRA
25.1645, 2001, Aug Average, Brazil, BRA
25.7005, 2001, Sep Average, Brazil, BRA
26.2674, 2001, Oct Average, Brazil, BRA
26.3615, 2001, Nov Average, Brazil, BRA
26.071, 2001, Dec Average, Brazil, BRA
26.0038, 2002, Jan Average, Brazil, BRA
26.0543, 2002, Feb Average, Brazil, BRA
26.3506, 2002, Mar Average, Brazil, BRA
26.0302, 2002, Apr Average, Brazil, BRA
25.2653, 2002, May Average, Brazil, BRA
24.0697, 2002, Jun Average, Brazil, BRA
24.3129, 2002, Jul Average, Brazil, BRA
25.3006, 2002, Aug Average, Brazil, BRA
25.5974, 2002, Sep Average, Brazil, BRA
27.0233, 2002, Oct Average, Brazil, BRA
26.4626, 2002, Nov Average, Brazil, BRA
26.3774, 2002, Dec Average, Brazil, BRA
26.4503, 2003, Jan Average, Brazil, BRA
26.4307, 2003, Feb Average, Brazil, BRA
26.0488, 2003, Mar Average, Brazil, BRA
25.7608, 2003, Apr Average, Brazil, BRA
24.7559, 2003, May Average, Brazil, BRA
24.7049, 2003, Jun Average, Brazil, BRA
23.938, 2003, Jul Average, Brazil, BRA
24.1622, 2003, Aug Average, Brazil, BRA
25.5287, 2003, Sep Average, Brazil, BRA
26.2649, 2003, Oct Average, Brazil, BRA
26.2403, 2003, Nov Average, Brazil, BRA
26.5705, 2003, Dec Average, Brazil, BRA
26.1996, 2004, Jan Average, Brazil, BRA
25.7999, 2004, Feb Average, Brazil, BRA
26.001, 2004, Mar Average, Brazil, BRA
26.0832, 2004, Apr Average, Brazil, BRA
24.3298, 2004, May Average, Brazil, BRA
23.9999, 2004, Jun Average, Brazil, BRA
23.6311, 2004, Jul Average, Brazil, BRA
24.6258, 2004, Aug Average, Brazil, BRA
25.8999, 2004, Sep Average, Brazil, BRA
26.496, 2004, Oct Average, Brazil, BRA
26.4233, 2004, Nov Average, Brazil, BRA
26.2918, 2004, Dec Average, Brazil, BRA
26.6529, 2005, Jan Average, Brazil, BRA
26.5285, 2005, Feb Average, Brazil, BRA
26.2976, 2005, Mar Average, Brazil, BRA
26.0263, 2005, Apr Average, Brazil, BRA
25.168, 2005, May Average, Brazil, BRA
24.5774, 2005, Jun Average, Brazil, BRA
23.872, 2005, Jul Average, Brazil, BRA
25.3791, 2005, Aug Average, Brazil, BRA
25.3699, 2005, Sep Average, Brazil, BRA
26.818, 2005, Oct Average, Brazil, BRA
26.64, 2005, Nov Average, Brazil, BRA
25.9184, 2005, Dec Average, Brazil, BRA
26.592, 2006, Jan Average, Brazil, BRA
26.284, 2006, Feb Average, Brazil, BRA
26.1389, 2006, Mar Average, Brazil, BRA
25.4638, 2006, Apr Average, Brazil, BRA
24.1172, 2006, May Average, Brazil, BRA
23.9029, 2006, Jun Average, Brazil, BRA
24.3948, 2006, Jul Average, Brazil, BRA
25.1154, 2006, Aug Average, Brazil, BRA
25.6463, 2006, Sep Average, Brazil, BRA
26.5309, 2006, Oct Average, Brazil, BRA
26.0784, 2006, Nov Average, Brazil, BRA
26.4705, 2006, Dec Average, Brazil, BRA
26.5299, 2007, Jan Average, Brazil, BRA
26.2615, 2007, Feb Average, Brazil, BRA
26.2567, 2007, Mar Average, Brazil, BRA
25.9564, 2007, Apr Average, Brazil, BRA
24.5048, 2007, May Average, Brazil, BRA
24.3439, 2007, Jun Average, Brazil, BRA
23.8918, 2007, Jul Average, Brazil, BRA
24.3937, 2007, Aug Average, Brazil, BRA
26.3635, 2007, Sep Average, Brazil, BRA
26.7388, 2007, Oct Average, Brazil, BRA
26.3731, 2007, Nov Average, Brazil, BRA
26.154, 2007, Dec Average, Brazil, BRA
25.6394, 2008, Jan Average, Brazil, BRA
25.7319, 2008, Feb Average, Brazil, BRA
25.6503, 2008, Mar Average, Brazil, BRA
25.3256, 2008, Apr Average, Brazil, BRA
24.1105, 2008, May Average, Brazil, BRA
23.3868, 2008, Jun Average, Brazil, BRA
24.2839, 2008, Jul Average, Brazil, BRA
25.3217, 2008, Aug Average, Brazil, BRA
25.6099, 2008, Sep Average, Brazil, BRA
26.9318, 2008, Oct Average, Brazil, BRA
26.418, 2008, Nov Average, Brazil, BRA
26.0776, 2008, Dec Average, Brazil, BRA
25.8964, 2009, Jan Average, Brazil, BRA
25.8547, 2009, Feb Average, Brazil, BRA
26.1097, 2009, Mar Average, Brazil, BRA
25.5711, 2009, Apr Average, Brazil, BRA
24.7066, 2009, May Average, Brazil, BRA
23.4252, 2009, Jun Average, Brazil, BRA
24.0877, 2009, Jul Average, Brazil, BRA
25.0589, 2009, Aug Average, Brazil, BRA
26.1593, 2009, Sep Average, Brazil, BRA
26.4735, 2009, Oct Average, Brazil, BRA
27.1158, 2009, Nov Average, Brazil, BRA
26.1505, 2009, Dec Average, Brazil, BRA
26.5481, 2010, Jan Average, Brazil, BRA
27.0655, 2010, Feb Average, Brazil, BRA
26.8228, 2010, Mar Average, Brazil, BRA
25.8801, 2010, Apr Average, Brazil, BRA
24.9453, 2010, May Average, Brazil, BRA
24.0319, 2010, Jun Average, Brazil, BRA
24.2075, 2010, Jul Average, Brazil, BRA
24.7496, 2010, Aug Average, Brazil, BRA
26.498, 2010, Sep Average, Brazil, BRA
26.583, 2010, Oct Average, Brazil, BRA
26.1724, 2010, Nov Average, Brazil, BRA
26.3027, 2010, Dec Average, Brazil, BRA
26.0039, 2011, Jan Average, Brazil, BRA
25.9424, 2011, Feb Average, Brazil, BRA
25.6809, 2011, Mar Average, Brazil, BRA
25.6713, 2011, Apr Average, Brazil, BRA
24.7252, 2011, May Average, Brazil, BRA
24.1491, 2011, Jun Average, Brazil, BRA
24.2797, 2011, Jul Average, Brazil, BRA
25.1329, 2011, Aug Average, Brazil, BRA
26.1025, 2011, Sep Average, Brazil, BRA
26.1899, 2011, Oct Average, Brazil, BRA
25.975, 2011, Nov Average, Brazil, BRA
26.1336, 2011, Dec Average, Brazil, BRA
25.7407, 2012, Jan Average, Brazil, BRA
25.8938, 2012, Feb Average, Brazil, BRA
25.831, 2012, Mar Average, Brazil, BRA
25.8573, 2012, Apr Average, Brazil, BRA
24.8098, 2012, May Average, Brazil, BRA
24.2814, 2012, Jun Average, Brazil, BRA
24.0859, 2012, Jul Average, Brazil, BRA
25.1256, 2012, Aug Average, Brazil, BRA
26.4915, 2012, Sep Average, Brazil, BRA
27.209, 2012, Oct Average, Brazil, BRA
26.6183, 2012, Nov Average, Brazil, BRA
26.5734, 2012, Dec Average, Brazil, BRA
26.3435, 2013, Jan Average, Brazil, BRA
26.3703, 2013, Feb Average, Brazil, BRA
26.327, 2013, Mar Average, Brazil, BRA
25.6717, 2013, Apr Average, Brazil, BRA
24.9765, 2013, May Average, Brazil, BRA
24.6711, 2013, Jun Average, Brazil, BRA
24.1988, 2013, Jul Average, Brazil, BRA
24.4792, 2013, Aug Average, Brazil, BRA
26.0349, 2013, Sep Average, Brazil, BRA
26.4174, 2013, Oct Average, Brazil, BRA
26.1291, 2013, Nov Average, Brazil, BRA
26.3653, 2013, Dec Average, Brazil, BRA
26.3036, 2014, Jan Average, Brazil, BRA
26.1074, 2014, Feb Average, Brazil, BRA
25.8583, 2014, Mar Average, Brazil, BRA
25.8516, 2014, Apr Average, Brazil, BRA
24.9854, 2014, May Average, Brazil, BRA
24.5019, 2014, Jun Average, Brazil, BRA
24.0488, 2014, Jul Average, Brazil, BRA
25.2642, 2014, Aug Average, Brazil, BRA
26.7976, 2014, Sep Average, Brazil, BRA
26.9956, 2014, Oct Average, Brazil, BRA
26.6407, 2014, Nov Average, Brazil, BRA
26.4223, 2014, Dec Average, Brazil, BRA
26.6419, 2015, Jan Average, Brazil, BRA
26.3285, 2015, Feb Average, Brazil, BRA
26.0379, 2015, Mar Average, Brazil, BRA
26.0064, 2015, Apr Average, Brazil, BRA
25.1254, 2015, May Average, Brazil, BRA
24.653, 2015, Jun Average, Brazil, BRA
24.6845, 2015, Jul Average, Brazil, BRA
25.7821, 2015, Aug Average, Brazil, BRA
27.3481, 2015, Sep Average, Brazil, BRA
27.1013, 2015, Oct Average, Brazil, BRA
27.2134, 2015, Nov Average, Brazil, BRA
27.0235, 2015, Dec Average, Brazil, BRA
26.6768, 2016, Jan Average, Brazil, BRA
26.5488, 2016, Feb Average, Brazil, BRA
26.605, 2016, Mar Average, Brazil, BRA
26.7497, 2016, Apr Average, Brazil, BRA
25.1179, 2016, May Average, Brazil, BRA
23.9542, 2016, Jun Average, Brazil, BRA
24.7449, 2016, Jul Average, Brazil, BRA
25.5629, 2016, Aug Average, Brazil, BRA
25.9775, 2016, Sep Average, Brazil, BRA
27.0781, 2016, Oct Average, Brazil, BRA
26.7037, 2016, Nov Average, Brazil, BRA
26.5119, 2016, Dec Average, Brazil, BRA
